ADM2_PCODE,year,ISO3,ADM0_NAME,ADM0_PCODE,ADM1_NAME,ADM1_PCODE,ADM2_NAME,F_TL,M_TL,T_TL,F_00_04,F_05_09,F_10_14,F_15_19,F_20_24,F_25_29,F_30_34,F_35_39,F_40_44,F_45_49,F_50_54,F_55_59,F_60_64,F_65_69,F_70_74,F_75_79,F_80Plus,M_00_04,M_05_09,M_10_14,M_15_19,M_20_24,M_25_29,M_30_34,M_35_39,M_40_44,M_45_49,M_50_54,M_55_59,M_60_64,M_65_69,M_70_74,M_75_79,M_80Plus,T_00_04,T_05_09,T_10_14,T_15_19,T_20_24,T_25_29,T_30_34,T_35_39,T_40_44,T_45_49,T_50_54,T_55_59,T_60_64,T_65_69,T_70_74,T_75_79,T_80Plus,RP10_female_pop_30cm,RP10_children_u5_30cm,RP10_female_u5_30cm,RP10_elderly_30cm,RP10_pop_u15_30cm,RP10_female_u15_30cm,RP10_education_30cm_pct,RP10_education_30cm_count,RP10_hospitals_30cm_pct,RP10_hospitals_30cm_count,RP10_primary_healthcare_30cm_pct,RP10_primary_healthcare_30cm_count,RP50_female_pop_30cm,RP50_children_u5_30cm,RP50_female_u5_30cm,RP50_elderly_30cm,RP50_pop_u15_30cm,RP50_female_u15_30cm,RP50_education_30cm_pct,RP50_education_30cm_count,RP50_hospitals_30cm_pct,RP50_hospitals_30cm_count,RP50_primary_healthcare_30cm_pct,RP50_primary_healthcare_30cm_count,RP100_female_pop_30cm,RP100_children_u5_30cm,RP100_female_u5_30cm,RP100_elderly_30cm,RP100_pop_u15_30cm,RP100_female_u15_30cm,RP100_education_30cm_pct,RP100_education_30cm_count,RP100_hospitals_30cm_pct,RP100_hospitals_30cm_count,RP100_primary_healthcare_30cm_pct,RP100_primary_healthcare_30cm_count,RP500_female_pop_30cm,RP500_children_u5_30cm,RP500_female_u5_30cm,RP500_elderly_30cm,RP500_pop_u15_30cm,RP500_female_u15_30cm,RP500_education_30cm_pct,RP500_education_30cm_count,RP500_hospitals_30cm_pct,RP500_hospitals_30cm_count,RP500_primary_healthcare_30cm_pct,RP500_primary_healthcare_30cm_count,education_count,hospitals_count,primary_healthcare_count,female_pop_rural,children_u5_rural,female_u5_rural,elderly_rural,pop_u15_rural,female_u15_rural,rural_pop_perc,access_pop_education_5km,access_pop_education_10km,access_pop_education_20km,access_pop_hospitals_30min,access_pop_hospitals_1h,access_pop_hospitals_2h,access_pop_primary_healthcare_30min,access_pop_primary_healthcare_1h,access_pop_primary_healthcare_2h,n_zones,has_zone
PH012800000,2025,PHL,Philippines,PH,REGION I (ILOCOS REGION),PH010000000,Ilocos Norte,312510,315690,628200,22477,23200,24031,26528,23975,23354,24030,23309,21679,19353,17203,15855,13400,10963,8735,6371,8047,23846,24694,25647,28616,25855,25134,24727,23520,22548,19971,17891,16099,12864,9646,6501,4005,4126,46323,47894,49678,55144,49830,48488,48757,46829,44227,39324,35094,31954,26264,20609,15236,10376,12173,38305,6544,3124,6295,19296,9371,8,41,0,0,4,1,57070,9775,4675,9411,28833,14009,14,65,0,0,7,2,65401,11210,5363,10785,33070,16070,15,72,0,0,11,3,84979,14544,6960,13974,42806,20802,20,98,13,3,22,6,480,23,27,41772,7468,3556,7403,22503,10896,14.83,587751,602541,609514,588470,610443,614774,591028,610948,614897,1,1
PH012900000,2025,PHL,Philippines,PH,REGION I (ILOCOS REGION),PH010000000,Ilocos Sur,366001,369052,735053,27096,28960,30039,30945,27642,27035,28621,26381,25640,22438,19379,17644,15549,12592,9916,7140,8984,28659,30723,31915,33062,29702,28083,29376,27245,25768,23457,20047,18199,15097,11331,7588,4555,4245,55755,59683,61954,64007,57344,55118,57997,53626,51408,45895,39426,35843,30646,23923,17504,11695,13229,41434,6578,3173,7083,20225,9780,8,45,0,0,7,1,55476,8891,4294,9468,27280,13208,9,55,4,1,7,1,60151,9658,4666,10255,29618,14343,11,65,4,1,14,2,72414,11706,5655,12291,35828,17352,14,81,26,6,14,2,594,23,14,30605,5416,2614,5489,16659,8094,9.71,639143,659640,665585,642323,671276,684399,629441,670919,684687,0,0
PH013300000,2025,PHL,Philippines,PH,REGION I (ILOCOS REGION),PH010000000,La Union,426808,432753,859561,32986,34429,35023,36748,33675,33688,33813,30625,28296,24918,21978,20401,17879,14854,10938,8123,8434,34886,36610,37221,38870,35920,35904,35523,31707,29188,25841,22534,20554,16943,13091,8579,5220,4162,67872,71039,72244,75618,69595,69592,69336,62332,57484,50759,44512,40955,34822,27945,19517,13343,12596,19590,3899,1850,2833,11470,5531,3,13,0,0,0,0,30255,5995,2848,4344,17624,8499,5,24,0,0,0,0,33476,6614,3142,4816,19450,9378,6,26,0,0,3,1,38414,7549,3585,5530,22203,10706,7,31,0,0,3,1,468,15,33,11679,2253,1069,1830,6747,3260,3.69,683897,711177,719356,702988,719017,722442,706656,719130,722549,0,0
PH015500000,2025,PHL,Philippines,PH,REGION I (ILOCOS REGION),PH010000000,Pangasinan,1598969,1636280,3235249,160462,164885,164395,138413,123821,122547,118168,102405,92288,83003,74940,66731,55174,44897,33900,26463,26477,169869,175505,175377,148165,132423,128255,124017,105960,93925,85087,76875,68101,54232,40884,27177,17268,13160,330331,340390,339772,286578,256244,250802,242185,208365,186213,168090,151815,134832,109406,85781,61077,43731,39637,367478,77155,37939,44800,225847,110978,12,193,14,9,12,14,519320,109126,53634,63181,319047,156752,20,309,29,18,26,30,559203,117546,57774,68052,343627,168834,21,335,33,21,31,36,623322,131062,64408,76032,383154,188224,24,379,36,23,37,43,1583,63,115,81564,16624,8185,11565,48961,23994,5.21,3422680,3598326,3633340,3608270,3644950,3657058,3582164,3642512,3656882,4,1
PH020900000,2025,PHL,Philippines,PH,REGION II (CAGAYAN VALLEY),PH020000000,Batanes,9186,9385,18571,1067,1041,998,731,715,766,580,459,435,420,477,363,340,244,206,144,200,1131,1101,1055,728,738,763,649,506,471,490,455,410,323,213,159,96,97,2198,2142,2053,1459,1453,1529,1229,965,906,910,932,773,663,457,365,240,297,0,0,0,0,0,0,0,0,0,0,0,0,0,0,0,0,0,0,0,0,0,0,0,0,0,0,0,0,0,0,0,0,0,0,0,0,0,0,0,0,0,0,0,0,0,0,0,0,27,2,1,2547,606,293,405,1736,829,40.63,12899,12899,13244,12505,13024,13494,10520,10721,11190,0,0
PH021500000,2025,PHL,Philippines,PH,REGION II (CAGAYAN VALLEY),PH020000000,Cagayan,656300,674099,1330399,57860,60014,60057,53734,50905,52691,52749,45462,39550,36545,32614,29278,26787,22113,15952,9929,10060,61264,63509,63530,57329,55218,56750,55921,47893,41102,37285,33755,29615,25833,19868,12806,6799,5622,119124,123523,123587,111063,106123,109441,108670,93355,80652,73830,66369,58893,52620,41981,28758,16728,15682,174410,37807,17719,24754,109636,52830,26,237,37,11,28,10,227707,49250,23103,32149,143609,69217,38,349,47,14,33,12,243089,52592,24685,34114,153641,74058,40,367,47,14,33,12,271632,58663,27555,37763,171895,82870,44,407,50,15,36,13,930,30,36,99289,22113,10426,13171,65415,31536,17.84,1109771,1169668,1261775,1153419,1300804,1311276,1176213,1298288,1311452,0,0
PH023100000,2025,PHL,Philippines,PH,REGION II (CAGAYAN VALLEY),PH020000000,Isabela,864095,892566,1756661,77945,81480,82388,71522,66211,66457,68269,60931,52934,49778,44181,39594,34053,26828,18947,11847,10730,82517,86179,87281,76438,72151,71092,71867,63794,54721,51707,45782,40292,33576,25004,15634,8473,6058,160462,167659,169669,147960,138362,137549,140136,124725,107655,101485,89963,79886,67629,51832,34581,20320,16788,28857,6351,3020,2832,19270,9317,1,7,0,0,0,0,42591,9342,4450,4196,28392,13734,2,21,0,0,0,0,52710,11594,5534,5178,35261,17071,3,35,0,0,0,0,73018,16088,7691,7202,48992,23733,5,55,8,3,0,0,1200,39,20,139073,30470,14496,13997,92819,44838,18.26,1661734,1736721,1785928,1656771,1788930,1797628,1526235,1788556,1800513,1,1
PH025000000,2025,PHL,Philippines,PH,REGION II (CAGAYAN VALLEY),PH020000000,Nueva Vizcaya,249726,256989,506715,23797,24363,24239,22305,20030,19279,19435,17243,15098,13352,11734,10655,9304,7389,5259,3283,2961,25218,25771,25651,22444,21145,20537,19825,17646,16028,14432,12522,11127,9088,6977,4419,2451,1708,49015,50134,49890,44749,41175,39816,39260,34889,31126,27784,24256,21782,18392,14366,9678,5734,4669,15532,3181,1499,1830,9329,4502,0,1,0,0,0,0,17432,3559,1678,2056,10434,5036,1,3,10,1,0,0,18352,3744,1765,2167,10973,5296,1,4,10,1,0,0,20858,4248,2001,2471,12445,6006,1,4,10,1,0,0,411,10,22,45264,10098,4860,4877,30062,14620,23.71,378135,412095,428413,413433,436081,446966,410461,433998,443502,0,0
PH025700000,2025,PHL,Philippines,PH,REGION II (CAGAYAN VALLEY),PH020000000,Quirino,100319,104479,204798,10413,10629,10438,8054,7586,7668,8248,6878,5971,5456,4733,3878,3513,2837,1855,1111,1051,11027,11352,11177,8636,8303,8185,8231,7229,6278,5738,4906,4200,3393,2672,1702,832,618,21440,21981,21615,16690,15889,15853,16479,14107,12249,11194,9639,8078,6906,5509,3557,1943,1669,4057,929,453,375,2739,1332,0,0,0,0,0,0,5127,1173,572,475,3460,1683,0,0,0,0,0,0,5771,1314,641,540,3887,1892,0,1,0,0,0,0,6294,1434,700,588,4240,2064,1,2,0,0,0,0,187,2,6,15692,3499,1705,1498,10439,5092,18.48,179366,186186,193388,189994,194302,195614,183984,194481,195209,0,0
PH030800000,2025,PHL,Philippines,PH,REGION III (CENTRAL LUZON),PH030000000,Bataan,444760,451924,896684,37513,38514,38778,37931,36951,36347,34959,32015,29188,26777,22326,20676,17377,14192,9973,6199,5044,39731,40949,41360,39777,39183,38629,36407,33227,29860,26986,22316,20120,16021,12291,7737,4462,2868,77244,79463,80138,77708,76134,74976,71366,65242,59048,53763,44642,40796,33398,26483,17710,10661,7912,19399,3734,1800,2176,10822,5288,0,1,0,0,0,0,22000,4231,2040,2447,12254,5990,0,1,0,0,0,0,22857,4405,2125,2524,12733,6224,2,4,0,0,0,0,27650,5384,2596,3026,15553,7596,3,7,0,0,0,0,257,17,21,29239,6163,2970,2538,17158,8330,7.7,771355,796407,805026,776678,813822,833953,792600,817072,833479,6,1
PH031400000,2025,PHL,Philippines,PH,REGION III (CENTRAL LUZON),PH030000000,Bulacan,1951439,1972387,3923826,158555,163234,164859,172271,159678,160354,153215,138544,130231,121497,105269,94929,75165,58422,41251,28020,25945,167878,173755,176181,180972,170330,167606,157659,141107,130402,122846,104933,92526,70369,51236,32415,18635,13537,326433,336989,341040,353243,330008,327960,310874,279651,260633,244343,210202,187455,145534,109658,73666,46655,39482,211053,42256,20666,23240,119351,58389,10,85,5,5,3,4,272151,54516,26665,29684,153493,75115,16,140,6,6,6,8,301951,60593,29640,32631,170143,83289,19,166,10,10,8,11,370701,74914,36651,39059,208959,102334,23,202,23,23,22,29,867,100,134,22751,5046,2462,2306,14072,6874,1.47,3258187,3399218,3460782,3458257,3477162,3481192,3458480,3476890,3481193,6,1
PH034900000,2025,PHL,Philippines,PH,REGION III (CENTRAL LUZON),PH030000000,Nueva Ecija,1273030,1309665,2582695,108350,111501,112174,109655,103490,101512,100449,88323,79737,74448,66450,61496,50145,39452,27621,18472,19755,114656,118700,119990,116317,112505,108689,106028,92410,82723,76764,67820,61816,48981,35995,22465,12755,11051,223006,230201,232164,225972,215995,210201,206477,180733,162460,151212,134270,123312,99126,75447,50086,31227,30806,111794,22721,11078,12601,66880,32663,3,30,0,0,0,0,144606,29436,14352,16251,86481,42237,4,40,0,0,0,0,153011,31144,15187,17204,91496,44688,4,45,0,0,0,0,175085,35645,17380,19676,104666,51116,5,55,3,1,2,1,1022,38,59,106504,22034,10626,12137,64826,31367,9.58,2382790,2501312,2524376,2506513,2536169,2545212,2395800,2526888,2545088,8,1
PH035400000,2025,PHL,Philippines,PH,REGION III (CENTRAL LUZON),PH030000000,Pampanga,1545251,1570535,3115786,126504,129605,130596,135231,131048,128448,122294,112187,101974,93117,81106,72972,57437,44934,32101,23253,22444,133888,137691,139194,142124,137683,133954,124908,114408,102097,95278,83128,74254,55895,41165,26115,16251,12502,260392,267296,269790,277355,268731,262402,247202,226595,204071,188395,164234,147226,113332,86099,58216,39504,34946,346894,72749,35642,38097,204822,100114,18,168,19,15,17,94,396103,83062,40684,43518,233814,114271,24,228,26,20,24,134,409389,85874,42061,44947,241695,118127,27,256,28,22,28,152,436600,91653,44887,47841,257833,126011,31,290,36,28,34,186,934,78,551,61442,13271,6455,6328,36902,18015,4.93,2577718,2700136,2720731,2717561,2744444,2776130,2718899,2744618,2775857,10,1
PH036900000,2025,PHL,Philippines,PH,REGION III (CENTRAL LUZON),PH030000000,Tarlac,754603,778521,1533124,61481,64269,66031,69513,60682,58024,57783,52935,48349,44250,40179,36464,29622,23437,17120,12331,12133,65080,65707,65394,73434,74884,75333,68428,55029,46711,43078,38862,34007,26379,19459,12576,7818,6342,126561,129976,131425,142947,135566,133357,126211,107964,95060,87328,79041,70471,56001,42896,29696,20149,18475,64063,12496,6045,8062,36397,17704,4,29,3,1,4,3,83355,16324,7894,10372,47476,23082,7,46,3,1,7,5,92639,18128,8764,11526,52739,25634,8,51,3,1,7,5,110545,21630,10447,13735,62948,30575,10,65,3,1,7,5,670,30,68,68466,14493,7000,7925,42059,20386,10.44,1460466,1490518,1495870,1489980,1507292,1511204,1481908,1507600,1511199,8,1
PH037100000,2025,PHL,Philippines,PH,REGION III (CENTRAL LUZON),PH030000000,Zambales,467514,482204,949718,41696,41914,41299,41914,39000,40326,37314,33743,28884,24914,21876,20215,16921,13708,9970,7212,6608,44219,44661,44052,43959,41870,42482,39086,36332,30258,25861,23439,20647,16593,12346,7937,4933,3529,85915,86575,85351,85873,80870,82808,76400,70075,59142,50775,45315,40862,33514,26054,17907,12145,10137,11539,2448,1200,1182,7026,3429,1,3,0,0,0,0,11938,2530,1241,1230,7263,3545,1,3,0,0,0,0,11992,2542,1247,1236,7296,3561,1,3,0,0,0,0,12536,2655,1302,1299,7622,3720,1,3,0,0,0,0,399,19,34,45653,9318,4561,5101,26687,13014,10.63,886935,915761,924821,891466,927077,942284,902720,930856,942614,3,1
PH037700000,2025,PHL,Philippines,PH,REGION III (CENTRAL LUZON),PH030000000,Aurora,115702,122135,237837,12129,11650,10800,10973,10281,10785,9545,7238,5941,5566,5195,4509,3588,2872,1969,1326,1335,12847,12508,11580,11555,10685,11095,10419,8120,6539,6064,5594,4865,3934,2774,1736,980,840,24976,24158,22380,22528,20966,21880,19964,15358,12480,11630,10789,9374,7522,5646,3705,2306,2175,1255,326,156,109,935,452,0,0,0,0,0,0,1571,409,195,136,1171,565,0,0,0,0,0,0,2024,529,252,173,1509,729,0,0,0,0,0,0,2239,585,279,194,1672,807,0,1,0,0,0,0,187,5,5,28313,6956,3364,2850,20488,9957,27.49,218177,223817,228416,208667,229856,232356,189670,205929,208752,0,0
PH041000000,2025,PHL,Philippines,PH,REGION IV-A (CALABARZON),PH040000000,Batangas,1705945,1717098,3423043,148445,150027,149765,151733,144251,141568,134003,116795,110824,100161,87090,76246,59921,48648,36017,25420,25031,157064,159157,159107,159393,151620,147771,136459,118150,109844,100246,87550,74510,56660,42825,27838,16305,12599,305509,309184,308872,311126,295871,289339,270462,234945,220668,200407,174640,150756,116581,91473,63855,41725,37630,16936,3731,1809,2061,10395,5072,0,5,0,0,0,0,20566,4516,2188,2525,12622,6158,0,6,0,0,0,0,22643,4969,2407,2785,13905,6784,1,9,0,0,0,0,25591,5603,2713,3136,15706,7661,1,12,0,0,0,0,1225,86,182,32084,6893,3349,3873,19292,9427,2.35,3015696,3093794,3135496,3109734,3137646,3143666,3092044,3140240,3143666,15,1
PH042100000,2025,PHL,Philippines,PH,REGION IV-A (CALABARZON),PH040000000,Cavite,2338516,2300975,4639491,189736,196533,199737,202515,190578,191268,184684,175866,165713,151670,126678,110378,87450,66340,44826,28822,25722,200826,208900,212505,211084,199646,195172,180947,169109,155691,143952,121206,102726,78643,55610,33702,18525,12731,390562,405433,412242,413599,390224,386440,365631,344975,321404,295622,247884,213104,166093,121950,78528,47347,38453,180364,36408,17657,15689,97046,47510,6,47,9,8,5,10,277821,56104,27227,23896,149343,73145,10,80,12,11,9,18,303846,61446,29819,26036,163413,80037,11,93,12,11,10,19,345471,70064,34008,29371,186072,91146,12,106,13,12,12,22,845,91,192,11822,2461,1205,1264,6906,3395,0.56,3349797,4546960,4715822,4707003,4710596,4714478,4705942,4711096,4714328,24,1
PH043400000,2025,PHL,Philippines,PH,REGION IV-A (CALABARZON),PH040000000,Laguna,1805344,1778250,3583594,146571,152302,155578,149800,150723,146388,143385,138426,130501,117668,93838,81931,67076,52724,36681,22075,19677,155119,161609,164830,155312,156371,150361,140480,131969,122599,113287,91590,77775,59674,44733,28129,14546,9866,301690,313911,320408,305112,307094,296749,283865,270395,253100,230955,185428,159706,126750,97457,64810,36621,29543,5405,1123,542,496,3129,1523,0,1,0,0,0,0,5493,1132,546,513,3152,1535,0,1,0,0,0,0,8350,1725,830,795,4818,2339,0,1,0,0,0,0,16525,3414,1639,1575,9526,4619,0,2,0,0,1,1,825,75,149,26399,5492,2671,2741,15345,7497,1.54,3301890,3756371,3788128,3784368,3808634,3833829,3788670,3808320,3833829,22,1
PH045600000,2025,PHL,Philippines,PH,REGION IV-A (CALABARZON),PH040000000,Quezon,1162698,1204517,2367215,117791,116231,112370,109139,96701,97791,88482,72839,63423,59177,53364,49296,40967,32993,23230,14624,14280,124650,123411,119646,115596,105271,105554,94903,76832,65993,61584,54840,49924,40066,30056,18703,9848,7640,242441,239642,232016,224735,201972,203345,183385,149671,129416,120761,108204,99220,81033,63049,41933,24472,21920,19199,4490,2187,1957,12754,6212,1,7,0,0,0,0,21795,5088,2478,2237,14461,7041,1,12,0,0,0,0,23941,5581,2718,2464,15872,7725,1,13,0,0,0,0,30112,7007,3410,3114,19943,9699,2,20,0,0,0,0,1126,34,49,100434,25292,12324,10115,72262,35224,11.11,1811372,1887648,1964131,1837842,2041953,2087609,1770790,1980263,2052430,2,1
PH045800000,2025,PHL,Philippines,PH,REGION IV-A (CALABARZON),PH040000000,Rizal,1733447,1730779,3464226,148882,151638,151745,153813,144451,144653,138296,124149,116925,106707,90528,78742,62929,49659,33575,20217,16538,157581,160951,161047,160533,151242,149218,137931,121660,113068,105211,89230,74463,57528,42044,26124,13952,8996,306463,312589,312792,314346,295693,293871,276227,245809,229993,211918,179758,153205,120457,91703,59699,34169,25534,61680,13343,6511,4031,35089,17165,2,10,0,0,5,5,72833,15731,7674,4776,41386,20244,2,12,0,0,6,6,79438,17152,8367,5202,45105,22066,3,15,0,0,6,6,97559,21027,10256,6399,55292,27054,4,25,0,0,7,7,585,51,95,26438,6200,3008,1960,16617,8119,1.87,2266166,3178708,3219666,3215324,3228634,3251451,3188870,3203315,3251451,3,1
PH050500000,2025,PHL,Philippines,PH,REGION V (BICOL REGION),PH050000000,Albay,719117,740257,1459374,74693,72106,67883,65493,63790,62059,56618,43416,36694,33842,30657,28642,24427,20433,15610,11475,11279,79005,76227,71724,70203,68163,66682,61323,46964,39128,35142,30782,28374,23157,17481,12313,7729,5860,153698,148333,139607,135696,131953,128741,117941,90380,75822,68984,61439,57016,47584,37914,27923,19204,17139,2252,508,245,276,1493,721,0,2,0,0,0,0,2252,508,245,276,1493,721,0,2,0,0,0,0,2252,508,245,276,1493,721,0,2,0,0,0,0,2252,508,245,276,1493,721,0,2,0,0,0,0,750,31,61,40341,9589,4646,5035,28180,13622,7.09,1207756,1289120,1307058,1298598,1330367,1346994,1252747,1323827,1338769,6,1
PH051600000,2025,PHL,Philippines,PH,REGION V (BICOL REGION),PH050000000,Camarines Norte,319800,333524,653324,36443,33972,31431,31303,29198,28451,23740,18095,15354,14211,13060,12420,10197,8085,5929,4079,3832,38547,35656,33042,31593,32338,31678,26247,20279,15930,14947,13392,12619,9992,7574,4798,2847,2045,74990,69628,64473,62896,61536,60129,49987,38374,31284,29158,26452,25039,20189,15659,10727,6926,5877,36994,8972,4377,3796,25964,12659,6,18,0,0,22,2,48421,11692,5707,4986,33785,16484,9,30,0,0,22,2,50903,12263,5986,5255,35419,17288,11,36,0,0,22,2,59669,14338,7008,6189,41406,20228,13,44,0,0,22,2,328,12,9,33873,8512,4130,3497,24532,11879,13.52,505709,546317,580114,549611,590978,604578,511429,588348,604814,1,1
PH051700000,2025,PHL,Philippines,PH,REGION V (BICOL REGION),PH050000000,Camarines Sur,1050761,1092348,2143109,122804,115384,106320,99777,96159,91196,78102,59852,49702,46081,41124,37927,32075,26472,19944,14211,13631,129951,122061,112490,105803,102992,97889,86332,67146,53853,48400,41552,37439,30555,23236,15821,9436,7392,252755,237445,218810,205580,199151,189085,164434,126998,103555,94481,82676,75366,62630,49708,35765,23647,21023,170357,40575,19709,19623,117056,56852,10,124,7,2,3,1,202430,47966,23285,23244,138272,67131,12,150,14,4,6,2,212740,50309,24418,24401,145015,70401,13,159,14,4,9,3,235221,55386,26872,26911,159557,77445,14,171,21,6,24,8,1240,28,34,146674,36588,17774,17437,106276,51686,15.01,1988556,2178398,2299020,2173403,2330426,2383924,2146548,2282431,2384465,10,1
PH052000000,2025,PHL,Philippines,PH,REGION V (BICOL REGION),PH050000000,Catanduanes,137701,144615,282316,17061,15792,14249,12501,12297,12311,10394,7393,6111,5636,5166,4947,4138,3218,2477,1854,2156,18051,16632,15004,13320,13578,13550,11877,8376,6624,5933,5324,5037,4052,2988,1940,1209,1120,35112,32424,29253,25821,25875,25861,22271,15769,12735,11569,10490,9984,8190,6206,4417,3063,3276,0,0,0,0,0,0,0,0,0,0,0,0,0,0,0,0,0,0,0,0,0,0,0,0,0,0,0,0,0,0,0,0,0,0,0,0,0,0,0,0,0,0,0,0,0,0,0,0,261,12,4,20203,4730,2291,3389,14026,6804,20.43,213603,221142,227320,216709,241450,245385,136087,191395,244032,0,0
PH054100000,2025,PHL,Philippines,PH,REGION V (BICOL REGION),PH050000000,Masbate,474801,497414,972215,59379,53286,47161,50875,46486,44412,33874,23083,19428,18777,17862,16096,13511,11124,8115,5415,5917,62836,56382,49962,53740,50362,48259,38831,25872,21307,19740,18292,15996,12912,9832,6380,3621,3090,122215,109668,97123,104615,96848,92671,72705,48955,40735,38517,36154,32092,26423,20956,14495,9036,9007,0,0,0,0,0,0,0,0,0,0,0,0,0,0,0,0,0,0,0,0,0,0,0,0,0,0,0,0,0,0,0,0,0,0,0,0,0,0,0,0,0,0,0,0,0,0,0,0,724,11,17,114980,32033,15648,12338,88658,43454,29.34,678591,704676,768553,533394,798803,902405,575530,728383,828434,1,1
PH056200000,2025,PHL,Philippines,PH,REGION V (BICOL REGION),PH050000000,Sorsogon,435779,451573,887352,53644,49789,45135,40414,38609,38813,32509,22337,19063,18438,17313,16113,13359,10586,7825,5806,6026,56757,52656,47705,40790,41439,41728,36431,25099,20089,19407,17512,16148,12980,9511,6228,3858,3235,110401,102445,92840,81204,80048,80541,68940,47436,39152,37845,34825,32261,26339,20097,14053,9664,9261,1565,394,190,201,1136,550,0,0,0,0,0,0,1565,394,190,201,1136,550,0,0,0,0,0,0,1565,394,190,201,1136,550,0,0,0,0,0,0,1565,394,190,201,1136,550,0,0,0,0,0,0,614,19,9,48388,12142,5826,6251,35113,16947,14.3,689363,749055,811525,791825,835275,845968,776626,834707,846776,0,0
PH060400000,2025,PHL,Philippines,PH,REGION VI (WESTERN VISAYAS),PH060000000,Aklan,310303,319019,629322,29347,29245,28233,27232,25574,25805,25381,21695,18332,15623,13668,12704,10938,9153,6800,5025,5548,31069,31017,30031,27390,27762,28495,27308,22958,19429,16705,14102,12732,10201,7845,5529,3486,2960,60416,60262,58264,54622,53336,54300,52689,44653,37761,32328,27770,25436,21139,16998,12329,8511,8508,17071,3152,1516,2611,9824,4806,1,6,7,1,0,0,19151,3530,1699,2929,11011,5390,2,7,7,1,0,0,20243,3734,1798,3101,11650,5703,2,7,7,1,0,0,24038,4420,2126,3689,13786,6750,3,11,7,1,0,0,425,15,27,10123,2117,1032,1514,6540,3190,3.78,567645,591704,603280,590185,608261,617983,575778,606056,618078,1,1
PH060600000,2025,PHL,Philippines,PH,REGION VI (WESTERN VISAYAS),PH060000000,Antique,311328,324895,636223,34320,34898,34121,25792,22787,24865,24095,20764,16803,13864,12215,11934,10424,8390,6300,4578,5178,36331,35939,33958,27223,26040,27039,26975,22753,18175,15776,13772,12019,10203,7704,5111,2998,2879,70651,70837,68079,53015,48827,51904,51070,43517,34978,29640,25987,23953,20627,16094,11411,7576,8057,3420,726,354,550,2186,1068,0,0,0,0,0,0,4088,860,419,666,2592,1264,0,1,0,0,0,0,4396,922,449,722,2780,1354,0,2,0,0,0,0,5487,1146,558,908,3459,1684,1,4,0,0,0,0,573,17,12,28179,6532,3210,3994,18932,9288,11.89,454679,470818,506296,484858,511719,527755,445620,508249,526764,0,0
PH061900000,2025,PHL,Philippines,PH,REGION VI (WESTERN VISAYAS),PH060000000,Capiz,420000,428721,848721,35859,35302,33653,37259,36250,37547,36018,28168,23566,21365,19657,18913,16596,13959,10763,7298,7827,37952,37466,35815,37544,38139,39946,38708,30935,25723,22879,20291,18403,15852,11902,8333,4748,4085,73811,72768,69468,74803,74389,77493,74726,59103,49289,44244,39948,37316,32448,25861,19096,12046,11912,57780,11069,5508,7457,34682,17092,9,47,5,1,16,7,82387,15820,7881,10480,49348,24334,13,69,15,3,21,9,88902,17077,8510,11262,53194,26235,14,73,15,3,23,10,105013,20212,10075,13241,62846,31007,15,82,25,5,23,10,538,20,43,50546,10012,4930,6671,32027,15728,15.66,688330,712152,743934,706237,732643,753379,714041,734718,753379,2,1
PH063000000,2025,PHL,Philippines,PH,REGION VI (WESTERN VISAYAS),PH060000000,Iloilo,1304279,1327256,2631535,110998,112490,111169,114162,106926,104035,103965,92734,79475,69819,61799,58346,51622,43307,33194,23868,26370,117503,119251,118089,120791,113818,111453,108865,98784,84197,73843,63490,57179,48224,37273,25616,15379,13501,228501,231741,229258,234953,220744,215488,212830,191518,163672,143662,125289,115525,99846,80580,58810,39247,39871,58958,10556,5159,8728,32233,15793,2,23,3,1,2,2,106837,18934,9236,15286,57357,28112,3,43,5,2,3,4,135059,23790,11594,19010,71813,35203,5,69,11,4,6,8,201970,35488,17284,28129,106875,52378,8,118,19,7,15,20,1415,37,132,38354,7755,3802,5545,23639,11588,3.67,2170033,2249773,2291698,2252436,2278123,2289920,2256748,2282576,2290649,11,1
PH064500000,2025,PHL,Philippines,PH,REGION VI (WESTERN VISAYAS),PH060000000,Negros Occidental,1602506,1660070,3262576,153221,151313,145473,145053,136248,133748,131000,103556,86020,77924,74276,68403,59922,50041,37276,24050,24982,162181,160447,154723,153868,145803,144497,141145,115507,94692,84085,74898,68264,57061,43128,29694,16417,13660,315402,311760,300196,298921,282051,278245,272145,219063,180712,162009,149174,136667,116983,93169,66970,40467,38642,70000,14212,6928,8252,44615,21857,1,18,3,1,5,2,85721,17309,8433,10115,54360,26617,2,22,3,1,5,2,91749,18471,8999,10835,58031,28410,2,26,5,2,5,2,106374,21274,10367,12607,66930,32772,2,31,8,3,5,2,1315,37,37,268019,57234,27952,30679,177580,87268,19.1,2957426,3108774,3196317,3059072,3215332,3285182,2668027,3158766,3285290,23,1
PH067900000,2025,PHL,Philippines,PH,REGION VI (WESTERN VISAYAS),PH060000000,Guimaras,94260,99062,193322,8490,8476,8243,8388,7741,7822,7673,6492,5702,4896,4434,4047,3591,2948,2191,1488,1638,8983,9020,8806,8774,8314,8571,8268,7479,6332,5510,4775,4181,3521,2715,1830,1045,938,17473,17496,17049,17162,16055,16393,15941,13971,12034,10406,9209,8228,7112,5663,4021,2533,2576,0,0,0,0,0,0,0,0,0,0,0,0,0,0,0,0,0,0,0,0,0,0,0,0,0,0,0,0,0,0,0,0,0,0,0,0,0,0,0,0,0,0,0,0,0,0,0,0,124,3,3,12331,2371,1130,1702,7736,3727,14.79,156218,182480,188476,180231,182409,189213,174372,182107,190550,0,0
PH071200000,2025,PHL,Philippines,PH,REGION VII (CENTRAL VISAYAS),PH070000000,Bohol,687792,717429,1405221,73227,71858,69278,60269,57839,55386,50023,40825,35071,32067,30410,27945,24689,20205,15021,11077,12602,77502,76007,73273,65070,64208,60873,56161,44915,36931,33758,31371,27974,23360,18213,12269,8003,7541,150729,147865,142551,125339,122047,116259,106184,85740,72002,65825,61781,55919,48049,38418,27290,19080,20143,0,0,0,0,0,0,0,0,0,0,0,0,0,0,0,0,0,0,0,0,0,0,0,0,0,0,0,0,0,0,0,0,0,0,0,0,0,0,0,0,0,0,0,0,0,0,0,0,1185,30,78,99017,20817,10162,14809,62886,30868,19.57,984927,1024184,1091719,1051573,1097813,1112305,1066085,1100614,1113866,1,1
PH072200000,2025,PHL,Philippines,PH,REGION VII (CENTRAL VISAYAS),PH070000000,Cebu,2693547,2743285,5436832,240663,246978,247070,234633,226818,215246,219291,197051,172491,151479,130672,113367,95900,75992,56371,36166,33359,254617,261169,260799,247222,242773,229754,225355,200275,176026,153964,131390,111554,90833,67394,45225,25763,19172,495280,508147,507869,481855,469591,445000,444646,397326,348517,305443,262062,224921,186733,143386,101596,61929,52531,0,0,0,0,0,0,0,0,0,0,0,0,0,0,0,0,0,0,0,0,0,0,0,0,0,0,0,0,0,0,0,0,0,0,0,0,0,0,0,0,0,0,0,0,0,0,0,0,1845,74,149,52720,11567,5654,7112,33847,16571,2.22,5040910,5326532,5412246,5288786,5375130,5403922,5244212,5368870,5402524,63,1
PH074600000,2025,PHL,Philippines,PH,REGION VII (CENTRAL VISAYAS),PH070000000,Negros Oriental,709084,736702,1445786,68829,67178,64203,66033,61166,62386,57895,43056,36442,33759,32341,30188,27237,21879,16401,10078,10013,72818,71041,67791,66587,66123,68005,65063,48257,39549,35766,32662,29759,26168,19833,13860,7460,5960,141647,138219,131994,132620,127289,130391,122958,91313,75991,69525,65003,59947,53405,41712,30261,17538,15973,6202,1306,636,750,4007,1959,0,0,0,0,0,0,6202,1306,636,750,4007,1959,0,0,0,0,0,0,6202,1306,636,750,4007,1959,0,0,0,0,0,0,6202,1306,636,750,4007,1959,0,0,0,0,0,0,953,22,29,123305,28061,13696,14569,85042,41721,21.96,1119996,1180549,1255692,1197624,1292217,1337838,1011139,1283648,1335010,11,1
PH076100000,2025,PHL,Philippines,PH,REGION VII (CENTRAL VISAYAS),PH070000000,Siquijor,51018,52850,103868,4712,4895,4858,4096,3811,3978,4028,3234,2877,2621,2489,2246,2051,1703,1354,955,1110,4989,5225,5156,4266,4133,4200,4407,3731,3173,2842,2582,2276,1949,1520,1078,674,649,9701,10120,10014,8362,7944,8178,8435,6965,6050,5463,5071,4522,4000,3223,2432,1629,1759,0,0,0,0,0,0,0,0,0,0,0,0,0,0,0,0,0,0,0,0,0,0,0,0,0,0,0,0,0,0,0,0,0,0,0,0,0,0,0,0,0,0,0,0,0,0,0,0,87,3,6,4215,666,328,913,2173,1072,12.28,67116,71254,74941,74941,74941,75699,74877,75045,75699,0,0
PH082600000,2025,PHL,Philippines,PH,REGION VIII (EASTERN VISAYAS),PH080000000,Eastern Samar,263346,280493,543839,31359,29428,26359,23966,23186,24189,20118,14411,11842,11165,10467,9597,8104,6671,4724,3614,4146,33164,31059,27845,25475,25428,26343,23420,16739,13385,12072,11235,9979,8321,6281,4226,2899,2622,64523,60487,54204,49441,48614,50532,43538,31150,25227,23237,21702,19576,16425,12952,8950,6513,6768,15617,3768,1815,2410,10911,5330,6,32,0,0,12,3,22210,5371,2585,3403,15542,7590,9,48,0,0,12,3,24281,5884,2833,3707,17018,8313,10,56,0,0,12,3,30548,7431,3579,4630,21484,10494,14,77,5,1,27,7,551,19,26,62298,14979,7224,9849,43986,21452,39.46,278119,283544,316914,307197,328418,341618,274000,328684,341374,0,0
PH083700000,2025,PHL,Philippines,PH,REGION VIII (EASTERN VISAYAS),PH080000000,Leyte,1120820,1177551,2298371,118739,114127,106568,106195,97957,98375,87160,66245,55971,51258,47105,44056,38245,32144,23458,16462,16755,125591,120462,112284,111290,105089,106986,98263,74701,61587,55358,49550,45070,38825,30596,20378,12238,9283,244330,234589,218852,217485,203046,205361,185423,140946,117558,106616,96655,89126,77070,62740,43836,28700,26038,4692,1066,516,608,3196,1555,0,1,0,0,1,1,4692,1066,516,608,3196,1555,0,1,0,0,1,1,4692,1066,516,608,3196,1555,0,1,0,0,1,1,4692,1066,516,608,3196,1555,0,1,0,0,1,1,1555,50,149,105363,24222,11769,13651,72732,35457,12.67,1735991,1890652,1975430,1907401,1987658,2033658,1902088,1991183,2034778,8,1
PH084800000,2025,PHL,Philippines,PH,REGION VIII (EASTERN VISAYAS),PH080000000,Northern Samar,340854,356808,697662,43807,39834,34986,32697,32430,32110,25549,17901,14380,13468,12909,11114,9281,7239,5263,3931,3955,46312,42031,36885,34318,34499,34547,28524,20011,15739,14038,13089,11293,8906,6703,4550,2931,2432,90119,81865,71871,67015,66929,66657,54073,37912,30119,27506,25998,22407,18187,13942,9813,6862,6387,43086,12391,6049,4673,32956,16118,7,40,10,1,20,5,57043,16386,7998,6151,43542,21295,10,59,20,2,40,10,61231,17602,8592,6598,46766,22880,12,71,20,2,52,13,73867,21286,10393,7889,56488,27634,16,94,20,2,52,13,606,10,25,77800,21781,10632,9069,58857,28713,28.35,468028,485412,540426,450334,544926,586200,469150,548747,588786,0,0
PH086000000,2025,PHL,Philippines,PH,REGION VIII (EASTERN VISAYAS),PH080000000,Samar (Western Samar),414124,440753,854877,51019,46913,41874,39692,38524,38420,30678,21340,18031,17135,16538,14851,11923,9670,6877,5288,5351,53954,49467,44136,41988,41947,42243,35965,24657,19866,18319,17743,15562,12257,9259,6165,3858,3367,104973,96380,86010,81680,80471,80663,66643,45997,37897,35454,34281,30413,24180,18929,13042,9146,8718,21481,5828,2839,2501,15733,7686,4,43,0,0,10,2,35790,9639,4704,4148,25880,12658,6,58,12,2,25,5,39554,10635,5190,4591,28534,13957,7,63,12,2,25,5,45349,12182,5944,5274,32701,15994,8,80,25,4,30,6,949,16,20,68656,18414,8980,8727,51168,24874,25.95,470729,498622,550825,499820,549606,636468,496429,553241,638144,1,1
PH086400000,2025,PHL,Philippines,PH,REGION VIII (EASTERN VISAYAS),PH080000000,Southern Leyte,229897,239191,469088,23362,22765,21528,19669,19285,19624,17434,13646,11656,11175,10036,10025,8805,7152,5283,3997,4455,24717,24038,22719,20624,20652,21145,19657,15289,12322,11729,10611,9948,8663,6690,4563,3085,2739,48079,46803,44247,40293,39937,40769,37091,28935,23978,22904,20647,19973,17468,13842,9846,7082,7194,406,76,37,71,241,117,0,0,0,0,0,0,406,76,37,71,241,117,0,0,0,0,0,0,406,76,37,71,241,117,0,0,0,0,0,0,406,76,37,71,241,117,0,0,0,0,0,0,453,23,23,29494,5858,2841,5091,18122,8780,21.26,255736,264854,296101,290763,317655,321472,283607,317576,321401,0,0
PH087800000,2025,PHL,Philippines,PH,REGION VIII (EASTERN VISAYAS),PH080000000,Biliran,90263,95126,185389,10202,9493,8423,8069,7930,8847,7181,5283,4235,3953,3603,3411,2878,2341,1730,1303,1381,10787,10154,9044,9001,8430,9132,8581,5888,4570,4047,3810,3399,2853,2162,1482,982,804,20989,19647,17467,17070,16360,17979,15762,11171,8805,8000,7413,6810,5731,4503,3212,2285,2185,29,7,4,4,22,11,0,0,0,0,0,0,29,7,4,4,22,11,0,0,0,0,0,0,29,7,4,4,22,11,0,0,0,0,0,0,29,7,4,4,22,11,0,0,0,0,0,0,155,1,3,6685,1531,747,976,4577,2230,7.62,167208,170470,198152,163792,206369,213871,187141,207277,213712,0,0
PH097200000,2025,PHL,Philippines,PH,REGION IX (ZAMBOANGA PENINSULA),PH090000000,ZAMBOANGA DEL NORTE,524184,550677,1074861,53298,51700,49034,51874,46322,46450,41553,32554,26881,24556,23816,21477,18255,14079,10083,6401,5851,56400,54666,51849,53735,50381,50708,46511,35965,29340,26193,24515,22168,18183,13284,8562,4713,3504,109698,106366,100883,105609,96703,97158,88064,68519,56221,50749,48331,43645,36438,27363,18645,11114,9355,21741,5126,2486,2062,15132,7394,1,10,8,1,0,0,25671,6077,2947,2415,17942,8768,2,15,8,1,0,0,27116,6428,3118,2539,18991,9283,2,16,8,1,0,0,29960,7117,3455,2798,21044,10289,2,18,17,2,0,0,825,12,17,95553,23192,11334,8115,69399,34156,25.8,666419,726851,790403,634863,810601,881438,512935,680934,868115,0,0
PH097300000,2025,PHL,Philippines,PH,REGION IX (ZAMBOANGA PENINSULA),PH090000000,ZAMBOANGA DEL SUR,975068,995994,1971062,96240,94766,91072,94801,85002,83768,81925,64982,53712,49154,44901,39123,32514,25596,17514,11021,8977,101867,100232,96286,97140,90236,87859,83475,66082,55320,50431,44704,38909,31575,23558,15166,8074,5080,198107,194998,187358,191941,175238,171627,165400,131064,109032,99585,89605,78032,64089,49154,32680,19095,14057,25469,5663,2767,2090,16598,8181,0,3,0,0,3,1,30894,6887,3370,2567,20179,9958,0,2,0,0,3,1,33084,7378,3611,2749,21604,10666,0,3,0,0,3,1,35454,7912,3873,2946,23151,11435,0,5,0,0,3,1,1125,27,33,121963,27993,13746,10423,83262,41218,14.61,1662500,1731738,1814770,1622263,1861556,1906421,1490328,1827940,1906457,1,1
PH098300000,2025,PHL,Philippines,PH,REGION IX (ZAMBOANGA PENINSULA),PH090000000,ZAMBOANGA SIBUGAY,350229,365657,715886,39481,37888,35320,34200,31625,30386,29093,22293,17926,15367,14384,12738,10382,8022,5261,3181,2682,41773,40054,37342,35275,33098,32160,30873,24074,19181,16918,14893,13106,10405,7522,4783,2501,1699,81254,77942,72662,69475,64723,62546,59966,46367,37107,32285,29277,25844,20787,15544,10044,5682,4381,23102,5323,2584,1943,16662,8232,2,10,0,0,22,2,25819,5986,2910,2182,18688,9233,2,12,0,0,22,2,26735,6206,3018,2258,19361,9565,3,13,0,0,22,2,29818,6953,3383,2516,21634,10683,3,15,0,0,22,2,493,10,9,92059,23344,11511,7469,70036,34494,32.37,419517,476562,561511,478771,623666,683742,221082,490054,673120,0,0
PH099700000,2025,PHL,Philippines,PH,REGION IX (ZAMBOANGA PENINSULA),PH090000000,CITY OF ISABELA (Not a Province),70253,69467,139720,7261,7214,6925,6499,5889,6121,5949,4774,4165,3393,3085,2656,2206,1668,1197,720,531,7679,7614,7289,6584,6235,6293,5445,4508,3874,3185,2941,2483,2025,1528,949,524,311,14940,14828,14214,13083,12124,12414,11394,9282,8039,6578,6026,5139,4231,3196,2146,1244,842,0,0,0,0,0,0,0,0,0,0,0,0,0,0,0,0,0,0,0,0,0,0,0,0,0,0,0,0,0,0,0,0,0,0,0,0,0,0,0,0,0,0,0,0,0,0,0,0,51,4,0,13907,3103,1522,1135,9140,4506,36.64,65748,66177,67916,64835,67284,72065,62901,64457,69289,0,0
PH101300000,2025,PHL,Philippines,PH,REGION X (NORTHERN MINDANAO),PH100000000,Bukidnon,765789,818457,1584246,73885,73501,70464,76159,68218,63946,64862,54293,43764,38877,34497,30192,25093,19948,13362,7740,6988,78159,75502,71623,79092,78551,76163,73502,61730,48362,42520,36219,31316,24737,18584,11791,6158,4448,152044,149003,142087,155251,146769,140109,138364,116023,92126,81397,70716,61508,49830,38532,25153,13898,11436,27974,6870,3350,2094,20660,10120,1,7,0,0,0,0,33873,8301,4044,2530,24971,12233,1,9,0,0,0,0,35269,8637,4208,2633,25986,12732,1,10,0,0,0,0,36995,9053,4409,2760,27243,13348,1,11,0,0,0,0,801,31,54,269912,68141,33608,20679,202633,99699,34.34,1606042,1782724,1880160,1720578,1922509,1990058,1751036,1932960,2000286,1,1
PH101800000,2025,PHL,Philippines,PH,REGION X (NORTHERN MINDANAO),PH100000000,Camiguin,46821,48654,95475,4765,4642,4468,4315,3913,3768,3606,2721,2267,2254,2167,2029,1800,1385,1072,759,890,5041,4774,4541,4536,4531,4411,3977,3082,2398,2261,2097,2034,1780,1316,850,551,474,9806,9416,9009,8851,8444,8179,7583,5803,4665,4515,4264,4063,3580,2701,1922,1310,1364,0,0,0,0,0,0,0,0,0,0,0,0,0,0,0,0,0,0,0,0,0,0,0,0,0,0,0,0,0,0,0,0,0,0,0,0,0,0,0,0,0,0,0,0,0,0,0,0,54,1,2,3138,646,313,513,1948,948,8.43,80225,80943,86567,86051,88693,88693,85425,88693,88693,0,0
PH103500000,2025,PHL,Philippines,PH,REGION X (NORTHERN MINDANAO),PH100000000,Lanao del Norte,574959,580445,1155404,59623,58343,55930,57733,51740,48019,46267,37658,31741,28119,25083,22597,18147,13796,9445,5745,4973,63060,59852,56580,57694,57499,55087,48161,36868,30030,26886,23561,21186,16875,12326,7893,4141,2746,122683,118195,112510,115427,109239,103106,94428,74526,61771,55005,48644,43783,35022,26122,17338,9886,7719,50084,11076,5479,3585,32602,16150,6,29,21,4,3,1,70424,15437,7625,5211,45698,22597,10,46,26,5,10,4,74799,16378,8088,5554,48515,23985,10,48,32,6,10,4,90045,19636,9693,6734,58221,28768,12,56,42,8,16,6,483,19,38,22600,5033,2514,1704,15292,7603,5.4,840946,912336,959037,948281,980148,999042,954671,983917,998982,2,1
PH104200000,2025,PHL,Philippines,PH,REGION X (NORTHERN MINDANAO),PH100000000,Misamis Occidental,317986,328326,646312,30376,30828,30567,28387,24964,24431,24341,20306,16867,16207,15374,14449,12542,10130,7534,5111,5572,32131,31681,31042,29812,29326,29190,27080,21559,17225,16624,15126,14476,11857,8880,5951,3461,2905,62507,62509,61609,58199,54290,53621,51421,41865,34092,32831,30500,28925,24399,19010,13485,8572,8477,5086,1014,497,611,3054,1496,1,5,0,0,0,0,6561,1308,640,793,3939,1929,2,8,0,0,0,0,7487,1515,742,896,4542,2226,2,10,0,0,0,0,8525,1739,852,1013,5205,2552,2,11,0,0,0,0,528,17,21,13367,2656,1294,1917,7991,3904,5.49,518686,533045,547727,535282,551736,555954,524870,549172,556309,0,0
PH104300000,2025,PHL,Philippines,PH,REGION X (NORTHERN MINDANAO),PH100000000,Misamis Oriental,886207,905960,1792167,80227,81775,80956,77868,73030,70254,72664,64868,53408,48632,42739,38766,33330,26890,18812,11521,10467,84900,83927,81841,80471,84707,80808,76148,66318,53523,48464,42306,37377,31365,24025,15728,8321,5731,165127,165702,162797,158339,157737,151062,148812,131186,106931,97096,85045,76143,64695,50915,34540,19842,16198,157946,33022,16099,13380,96630,47259,6,39,8,2,10,5,228553,47642,23233,19359,139302,68150,9,63,28,7,22,11,248264,51763,25245,21088,151325,74039,11,76,28,7,26,13,287541,60102,29318,24595,175599,85919,14,96,40,10,35,17,688,25,49,52381,11243,5486,5020,33305,16252,6.48,1763054,1817140,1844457,1781192,1861494,1879908,1708420,1866297,1880305,10,1
PH112300000,2025,PHL,Philippines,PH,REGION XI (DAVAO REGION),PH110000000,Davao del Norte,532531,554573,1087104,50797,52667,52703,45939,42047,40879,43258,39812,33059,29138,24969,21933,18522,14985,10578,6004,5241,53740,54360,53698,50595,52120,45426,42730,39602,34062,30341,26012,22178,17995,13754,9149,5182,3629,104537,107027,106401,96534,94167,86305,85988,79414,67121,59479,50981,44111,36517,28739,19727,11186,8870,46485,10001,4885,4003,30657,15020,6,28,0,0,0,0,67302,14466,7063,5837,44408,21756,8,35,3,1,0,0,74181,15897,7759,6403,48745,23882,9,38,3,1,0,0,90029,19150,9346,7753,58705,28770,11,47,7,2,3,1,434,29,34,73276,16680,8119,6136,50998,24865,12,1296270,1349572,1378394,1337734,1378394,1404373,1327236,1378779,1404616,6,1
PH112400000,2025,PHL,Philippines,PH,REGION XI (DAVAO REGION),PH110000000,Davao del Sur,1386781,1423794,2810575,133643,134952,134492,124227,116759,109848,110416,98421,83060,73465,64944,56742,47791,39157,27528,16852,14484,141423,145906,146358,121233,109972,113439,113783,106507,90478,80771,69145,57401,46020,35769,23843,12860,8886,275066,280858,280850,245460,226731,223287,224199,204928,173538,154236,134089,114143,93811,74926,51371,29712,23370,49647,10142,4977,4430,29292,14388,2,15,0,0,2,5,78179,15986,7846,6925,46057,22628,3,24,3,2,6,13,90010,18414,9038,7937,52990,26037,3,26,3,2,6,14,120707,24717,12133,10563,70985,34884,5,43,5,3,12,25,859,58,214,68314,14684,7233,6399,43412,21317,6.26,2389476,2446308,2466278,2447240,2469711,2487112,2450024,2469811,2487337,21,1
PH112500000,2025,PHL,Philippines,PH,REGION XI (DAVAO REGION),PH110000000,Davao Oriental,307805,325605,633410,34860,34184,32522,28545,25290,25858,23211,18630,14731,14113,13046,12132,10285,7965,5454,3640,3339,36887,35239,33138,31730,30679,28625,24547,19837,16127,15092,13753,12428,10100,7411,4715,2985,2312,71747,69423,65660,60275,55969,54483,47758,38467,30858,29205,26799,24560,20385,15376,10169,6625,5651,7938,1876,947,771,5609,2769,1,3,0,0,0,0,8290,1963,990,804,5861,2893,1,3,0,0,0,0,8926,2117,1069,862,6317,3119,1,3,0,0,0,0,10286,2448,1238,987,7292,3602,1,3,0,0,0,0,395,7,4,94962,22456,11102,9198,66668,32737,37.15,475432,502619,515173,483623,555819,594343,263708,529737,594901,1,1
PH118200000,2025,PHL,Philippines,PH,REGION XI (DAVAO REGION),PH110000000,Compostela Valley,387948,415628,803576,40051,39878,38182,33569,33073,32923,33005,27422,21615,18516,17277,15796,12690,9814,6566,3947,3624,42402,41296,39092,37458,40334,35696,34541,29939,23798,20933,18576,16766,13294,9443,5972,3492,2596,82453,81174,77274,71027,73407,68619,67546,57361,45413,39449,35853,32562,25984,19257,12538,7439,6220,23289,5276,2614,2026,15886,7827,2,9,0,0,7,1,27443,6211,3079,2409,18722,9225,3,14,0,0,7,1,29112,6568,3257,2575,19819,9769,4,16,0,0,7,1,31046,6990,3468,2762,21114,10409,5,20,0,0,7,1,413,8,15,82927,19278,9459,7331,59016,28944,21.63,808342,889377,918425,789898,923533,938090,734666,927512,937263,1,1
PH118600000,2025,PHL,Philippines,PH,REGION XI (DAVAO REGION),PH110000000,Davao Occidental,175910,180608,356518,16952,17118,17060,15758,14811,13934,14006,12485,10536,9319,8238,7198,6063,4967,3491,2137,1837,17940,18509,18566,15378,13950,14390,14433,13510,11477,10246,8771,7281,5838,4537,3024,1631,1127,34892,35627,35626,31136,28761,28324,28439,25995,22013,19565,17009,14479,11901,9504,6515,3768,2964,0,0,0,0,0,0,0,0,0,0,0,0,0,0,0,0,0,0,0,0,0,0,0,0,0,0,0,0,0,0,0,0,0,0,0,0,0,0,0,0,0,0,0,0,0,0,0,0,170,2,3,30036,7853,3884,1980,23094,11372,27.19,222396,223950,228346,128981,199239,251545,133066,197582,240024,0,0
PH124700000,2025,PHL,Philippines,PH,REGION XII (SOCCSKSARGEN),PH120000000,Cotabato (North Cotabato),806455,836873,1643328,86201,85245,81911,77682,69125,68118,65244,52441,44381,38233,35750,30917,25206,18321,12441,7923,7316,91193,90067,86386,78123,73407,72135,67638,56470,46894,41497,36953,31825,24512,17689,11086,6209,4789,177394,175312,168297,155805,142532,140253,132882,108911,91275,79730,72703,62742,49718,36010,23527,14132,12105,16387,3730,1859,1241,11254,5578,2,16,0,0,0,0,19643,4482,2235,1502,13488,6686,3,23,0,0,0,0,20278,4628,2308,1557,13924,6901,3,25,0,0,0,0,21794,4974,2480,1687,14954,7410,4,28,0,0,0,0,780,31,17,118353,28009,13789,10196,85177,41873,22.42,1126972,1209988,1240283,1182472,1256700,1300590,1131962,1249904,1300598,0,0
PH126300000,2025,PHL,Philippines,PH,REGION XII (SOCCSKSARGEN),PH120000000,South Cotabato,863059,887750,1750809,82522,83847,82743,77371,73463,71369,71973,63169,51756,46738,40885,35579,28363,21526,14390,9186,8179,87290,88639,87270,81352,77862,74144,72162,65434,54399,49186,42305,36072,27384,19858,12429,6819,5145,169812,172486,170013,158723,151325,145513,144135,128603,106155,95924,83190,71651,55747,41384,26819,16005,13324,10178,2296,1134,733,6654,3283,0,0,0,0,0,0,11167,2511,1240,808,7279,3591,0,0,0,0,0,0,11344,2552,1260,819,7393,3647,0,0,0,0,0,0,12231,2753,1359,876,7959,3927,0,0,0,0,0,0,595,36,53,72757,18325,9110,4504,53023,26025,10.19,1583142,1688356,1701945,1620368,1713025,1714512,1666723,1712942,1714512,11,1
PH126500000,2025,PHL,Philippines,PH,REGION XII (SOCCSKSARGEN),PH120000000,Sultan Kudarat,436294,452346,888640,44202,44238,42820,39123,38383,38520,36221,30339,25531,22278,20567,17404,13121,9560,6333,4089,3565,46763,46766,45181,41040,40507,40693,36381,31091,26181,23760,21212,18550,13547,9236,5724,3318,2396,90965,91004,88001,80163,78890,79213,72602,61430,51712,46038,41779,35954,26668,18796,12057,7407,5961,20201,4599,2268,1769,14115,6915,1,3,0,0,0,0,28705,6509,3212,2520,19985,9791,1,5,0,0,0,0,31507,7139,3521,2769,21916,10735,1,6,0,0,0,0,39570,8882,4377,3503,27355,13389,1,6,0,0,0,0,414,14,12,53572,12658,6268,4194,38413,18855,14.43,769909,804180,819319,769867,858556,898586,708474,846502,900327,3,1
PH128000000,2025,PHL,Philippines,PH,REGION XII (SOCCSKSARGEN),PH120000000,Sarangani,298590,316338,614928,32649,31949,30211,30068,27143,25756,24098,18981,16050,14276,13120,10778,8518,6126,4015,2613,2239,34549,33669,31928,31734,29219,28197,25258,20981,17582,15507,13825,11505,8622,6165,3828,2157,1612,67198,65618,62139,61802,56362,53953,49356,39962,33632,29783,26945,22283,17140,12291,7843,4770,3851,4613,1169,585,312,3432,1709,0,0,0,0,0,0,5056,1284,642,343,3764,1875,0,0,0,0,0,0,5147,1306,653,349,3831,1908,0,0,0,0,0,0,6393,1633,814,438,4763,2368,0,1,0,0,0,0,305,7,5,48041,12072,5984,3461,35514,17574,23.21,403851,427703,459612,421760,467210,478992,401376,469326,479757,2,1
PH140100000,2025,PHL,Philippines,PH,CORDILLERA ADMINISTRATIVE REGION (CAR),PH140000000,Abra,123526,128544,252070,11100,10952,10757,11768,11314,9679,9517,8466,7484,6498,5493,5151,4592,3919,2862,1919,2055,11737,11388,11203,12458,12673,11148,10490,9041,8132,6976,5673,5098,4300,3407,2345,1340,1135,22837,22340,21960,24226,23987,20827,20007,17507,15616,13474,11166,10249,8892,7326,5207,3259,3190,2892,541,264,479,1649,801,0,0,0,0,0,0,3197,598,291,534,1825,886,0,0,0,0,0,0,3515,658,320,591,2010,974,0,0,0,0,0,0,3716,696,339,626,2126,1030,1,2,0,0,0,0,325,2,5,35284,6691,3236,6006,20688,9977,40.72,157330,161940,175644,120667,171892,187406,121834,172834,187645,3,1
PH141100000,2025,PHL,Philippines,PH,CORDILLERA ADMINISTRATIVE REGION (CAR),PH140000000,Benguet,444862,447738,892600,37876,37777,36860,37311,41329,39217,40911,38003,30114,23662,19282,18096,15552,11915,7850,4738,4369,40056,39200,38045,38025,44921,41640,41132,37233,30364,24223,19311,16929,13588,10221,6574,3616,2660,77932,76977,74905,75336,86250,80857,82043,75236,60478,47885,38593,35025,29140,22136,14424,8354,7029,3568,726,349,389,2371,1149,1,4,0,0,0,0,3568,726,349,389,2371,1149,1,4,0,0,0,0,3568,726,349,389,2371,1149,1,4,0,0,0,0,3568,726,349,389,2371,1149,1,4,0,0,0,0,573,27,81,35396,7655,3682,3644,24286,11764,8.9,799106,829318,846547,828061,852253,860947,841359,852141,859297,8,1
PH142700000,2025,PHL,Philippines,PH,CORDILLERA ADMINISTRATIVE REGION (CAR),PH140000000,Ifugao,105685,111204,216889,11884,11677,11029,9909,9068,8692,8802,7458,5790,4743,3800,3565,3129,2514,1612,973,1040,12570,12127,11461,10484,10312,9571,9255,8019,6535,5301,4291,3579,2879,2060,1413,724,623,24454,23804,22490,20393,19380,18263,18057,15477,12325,10044,8091,7144,6008,4574,3025,1697,1663,626,139,68,70,418,204,1,2,0,0,0,0,690,153,74,78,461,225,1,2,0,0,0,0,715,159,77,81,476,232,1,2,0,0,0,0,715,159,77,81,476,232,1,2,0,0,0,0,284,10,5,26594,6445,3145,2839,19201,9402,52.24,100469,105323,108452,96372,118037,125173,77926,117316,125173,0,0
PH143200000,2025,PHL,Philippines,PH,CORDILLERA ADMINISTRATIVE REGION (CAR),PH140000000,Kalinga,110155,116034,226189,12332,12023,11299,10093,9518,9198,9064,7391,5745,4993,4399,3954,3327,2771,1811,1152,1085,13030,12465,11717,11028,11080,10396,9499,7924,6401,5397,4578,3960,3162,2265,1553,888,691,25362,24488,23016,21121,20598,19594,18563,15315,12146,10390,8977,7914,6489,5036,3364,2040,1776,6865,1657,805,644,4843,2356,2,6,0,0,0,0,8685,2098,1019,815,6131,2982,3,10,0,0,0,0,9233,2230,1083,865,6518,3170,3,10,0,0,0,0,10727,2588,1256,1011,7566,3679,3,10,0,0,0,0,293,6,3,34085,8195,3952,3368,23986,11637,34.9,197317,205716,219074,204262,234844,237230,182953,225817,237230,0,0
PH144400000,2025,PHL,Philippines,PH,CORDILLERA ADMINISTRATIVE REGION (CAR),PH140000000,Mountain Province,77182,81753,158935,8480,8334,7874,7088,6665,6217,6346,5429,4152,3453,2919,2645,2333,1991,1312,907,1037,8970,8697,8243,7488,7653,7194,6914,5899,4540,3768,3123,2827,2302,1716,1180,645,594,17450,17031,16117,14576,14318,13411,13260,11328,8692,7221,6042,5472,4635,3707,2492,1552,1631,774,190,89,83,553,267,0,0,0,0,0,0,774,190,89,83,553,267,0,0,0,0,0,0,774,190,89,83,553,267,0,0,0,0,0,0,774,190,89,83,553,267,0,0,0,0,0,0,267,7,10,20082,4449,2102,2947,13447,6489,45.77,82709,84298,91129,82868,101260,105518,51159,95013,105581,0,0
PH148100000,2025,PHL,Philippines,PH,CORDILLERA ADMINISTRATIVE REGION (CAR),PH140000000,Apayao,62184,65414,127598,6853,6629,6304,5753,5391,5361,4771,3889,3378,3026,2683,2265,2009,1592,1010,660,610,7237,6889,6553,6112,6086,5959,5279,4173,3582,3279,2852,2390,1890,1375,871,491,396,14090,13518,12857,11865,11477,11320,10050,8062,6960,6305,5535,4655,3899,2967,1881,1151,1006,2079,463,227,215,1343,654,6,11,0,0,0,0,3833,866,422,407,2474,1197,8,17,33,2,50,1,4913,1112,542,524,3168,1532,10,19,33,2,50,1,9641,2201,1068,1037,6226,2999,15,29,67,4,50,1,199,6,2,16684,3747,1826,1801,10896,5288,43.78,70803,74274,77692,67905,82533,87591,68706,83122,87571,1,1
PH160200000,2025,PHL,Philippines,PH,REGION XIII (Caraga),PH160000000,Agusan del Norte,379897,395842,775739,40144,38719,36768,36340,33767,32241,30195,24478,19320,17323,16186,14937,12845,10423,7239,4533,4439,42444,39398,36934,36539,39623,38664,33144,26142,20103,17572,15871,14765,12335,9634,6385,3529,2760,82588,78117,73702,72879,73390,70905,63339,50620,39423,34895,32057,29702,25180,20057,13624,8062,7199,129244,30034,14373,12713,88126,42823,27,102,44,7,48,10,145050,33626,16101,14426,98794,48002,35,135,88,14,57,12,151608,35135,16825,15110,103261,50171,38,147,88,14,57,12,164277,37959,18178,16509,111697,54252,41,159,88,14,71,15,384,16,21,31836,7447,3576,3369,22107,10724,11.2,630223,665890,680885,649202,686191,691094,654858,684162,691094,3,1
PH160300000,2025,PHL,Philippines,PH,REGION XIII (Caraga),PH160000000,Agusan del Sur,368597,393476,762073,46492,41499,37194,35655,37511,32875,28687,21815,16801,14562,13422,12284,10515,7960,5248,3267,2810,49119,44807,40537,35693,36609,34849,32857,26051,19753,16637,15215,13557,10900,7875,4718,2521,1778,95611,86306,77731,71348,74120,67724,61544,47866,36554,31199,28637,25841,21415,15835,9966,5788,4588,29676,7818,3832,2119,23460,11478,9,49,7,1,20,3,40528,10632,5210,2914,31966,15632,12,69,14,2,27,4,44288,11571,5665,3191,34847,17032,14,79,14,2,27,4,49367,12934,6330,3558,38878,19001,15,87,21,3,27,4,565,14,15,57821,15022,7320,4304,45217,22111,20,633788,675722,708848,701804,720571,733186,671042,718904,731860,3,1
PH166700000,2025,PHL,Philippines,PH,REGION XIII (Caraga),PH160000000,Surigao del Norte,282256,293782,576038,29490,29998,29173,24258,22606,22463,21716,18620,15032,13661,12633,11365,9884,7851,5597,3840,4069,31157,31164,30108,26578,26029,25623,23944,19575,15788,14047,12645,11168,9407,7100,4521,2662,2266,60647,61162,59281,50836,48635,48086,45660,38195,30820,27708,25278,22533,19291,14951,10118,6502,6335,1098,240,115,130,709,347,0,0,0,0,0,0,1098,240,115,130,709,347,0,0,0,0,0,0,1098,240,115,130,709,347,0,0,0,0,0,0,2189,463,220,285,1418,689,0,0,0,0,0,0,437,14,24,37031,8417,4072,4670,24927,12194,15.91,441734,464848,494267,473574,489086,495653,473631,488338,495943,2,1
PH166800000,2025,PHL,Philippines,PH,REGION XIII (Caraga),PH160000000,Surigao del Sur,312671,329831,642502,35088,34041,31808,28899,26516,26995,24901,18846,15021,13605,12693,12017,10483,8361,5963,3818,3616,37067,34989,32514,30563,30946,31271,28366,21197,16138,14102,12680,11791,10171,7833,5123,2877,2203,72155,69030,64322,59462,57462,58266,53267,40043,31159,27707,25373,23808,20654,16194,11086,6695,5819,13816,3173,1522,1539,9525,4656,4,22,0,0,12,3,21380,4864,2331,2364,14589,7141,6,32,0,0,19,5,25528,5769,2767,2832,17314,8484,7,41,0,0,50,13,29440,6674,3202,3249,20026,9812,8,47,0,0,54,14,554,7,26,69941,16700,8132,7226,50939,24976,32.37,466607,483122,511992,423334,513451,527645,396920,511292,529950,6,1
PH168500000,2025,PHL,Philippines,PH,REGION XIII (Caraga),PH160000000,Dinagat Islands,66052,67285,133337,6736,7183,6980,5446,4770,5181,5278,4589,3472,3003,2948,2685,2336,1909,1429,1062,1045,7115,7086,6796,5838,6213,6105,5800,4465,3559,3020,2800,2452,2056,1545,1080,716,639,13851,14269,13776,11284,10983,11286,11078,9054,7031,6023,5748,5137,4392,3454,2509,1778,1684,0,0,0,0,0,0,0,0,0,0,0,0,0,0,0,0,0,0,0,0,0,0,0,0,0,0,0,0,0,0,0,0,0,0,0,0,0,0,0,0,0,0,0,0,0,0,0,0,141,3,9,19448,4102,2014,2544,12345,6061,44.18,80871,80921,81462,75028,88741,90756,82216,90339,92355,0,0
PH174000000,2025,PHL,Philippines,PH,MIMAROPA REGION,PH170000000,Marinduque,122167,126002,248169,13876,13361,12325,10545,9953,10518,9030,6195,5462,5412,5304,5034,4310,3826,2910,2107,1999,14665,14206,13109,10969,10290,11120,9862,6977,5707,5778,5336,5040,4120,3511,2470,1618,1224,28541,27567,25434,21514,20243,21638,18892,13172,11169,11190,10640,10074,8430,7337,5380,3725,3223,0,0,0,0,0,0,0,0,0,0,0,0,0,0,0,0,0,0,0,0,0,0,0,0,0,0,0,0,0,0,0,0,0,0,0,0,0,0,0,0,0,0,0,0,0,0,0,0,228,7,5,15977,3484,1717,2253,10526,5202,19.71,155301,160949,181505,132165,190069,193633,158582,193133,193834,0,0
PH175100000,2025,PHL,Philippines,PH,MIMAROPA REGION,PH170000000,Occidental Mindoro,259908,276860,536768,30821,30552,29130,24077,20892,20551,19131,15534,13559,12002,10912,9527,7772,6086,4115,2845,2402,32571,32929,31645,26875,21197,20555,20203,16982,15023,13516,12413,10460,8426,6211,3920,2285,1649,63392,63481,60775,50952,42089,41106,39334,32516,28582,25518,23325,19987,16198,12297,8035,5130,4051,4168,1079,525,336,3069,1490,1,3,0,0,0,0,4791,1241,604,385,3539,1718,1,3,0,0,0,0,5451,1405,684,438,4005,1945,1,3,0,0,0,0,6846,1768,861,547,5059,2456,1,4,0,0,0,0,351,11,15,66799,17444,8500,6015,49430,23945,27.84,494741,521054,546791,501380,551278,567656,367775,500452,552664,1,1
PH175200000,2025,PHL,Philippines,PH,MIMAROPA REGION,PH170000000,Oriental Mindoro,465475,480699,946174,52172,51758,49421,41580,37192,38696,35302,27969,24310,22255,20105,17713,14748,12293,8715,5861,5385,55198,55116,52597,43081,38454,39570,37373,29428,24987,23468,21176,18318,14890,11219,7685,4501,3638,107370,106874,102018,84661,75646,78266,72675,57397,49297,45723,41281,36031,29638,23512,16400,10362,9023,9880,2288,1115,992,6743,3269,2,11,0,0,0,0,12311,2838,1383,1232,8359,4052,2,11,0,0,0,0,14097,3230,1575,1408,9522,4614,3,16,0,0,0,0,16922,3883,1893,1690,11438,5542,3,18,0,0,0,0,582,16,24,38238,9999,4945,3473,28664,14100,10.72,797100,834784,867027,800289,860367,881408,800467,861726,880916,0,0
PH175300000,2025,PHL,Philippines,PH,MIMAROPA REGION,PH170000000,Palawan,633986,669597,1303583,73710,71231,66587,60591,55689,54031,50008,39354,34033,28917,25447,21564,18236,14023,9350,6059,5156,77911,76460,71821,62188,55677,54248,50612,42450,37137,33119,29052,24416,20422,15090,9385,5588,4021,151621,147691,138408,122779,111366,108279,100620,81804,71170,62036,54499,45980,38658,29113,18735,11647,9177,1278,344,169,92,940,466,0,0,0,0,0,0,1278,344,169,92,940,466,0,0,0,0,0,0,1278,344,169,92,940,466,0,0,0,0,0,0,1278,344,169,92,940,466,0,0,0,0,0,0,869,20,43,190010,52570,25725,15481,143990,70686,36.23,1031918,1053642,1076921,876420,1072091,1141079,732715,954670,1146039,5,1
PH175900000,2025,PHL,Philippines,PH,MIMAROPA REGION,PH170000000,Romblon,151049,157088,308137,17894,17272,15928,13209,12301,12923,11178,8222,6722,6145,6031,5887,5141,4264,3111,2263,2558,18915,18355,16935,13760,12980,13725,12533,9045,7179,6555,6487,6124,5118,3890,2512,1529,1446,36809,35627,32863,26969,25281,26648,23711,17267,13901,12700,12518,12011,10259,8154,5623,3792,4004,0,0,0,0,0,0,0,0,0,0,0,0,0,0,0,0,0,0,0,0,0,0,0,0,0,0,0,0,0,0,0,0,0,0,0,0,0,0,0,0,0,0,0,0,0,0,0,0,263,7,9,20155,4788,2295,2806,14158,6845,20.48,192973,194240,210156,152963,208220,220581,119274,193268,200923,5,1
