year,ISO3,ADM0_NAME,ADM0_PCODE,ADM1_NAME,ADM1_PCODE,ADM2_NAME,ADM2_PCODE,F_TL,M_TL,T_TL,F_00_04,F_05_09,F_10_14,F_15_19,F_20_24,F_25_29,F_30_34,F_35_39,F_40_44,F_45_49,F_50_54,F_55_59,F_60_64,F_65_69,F_70_74,F_75_79,F_80Plus,M_00_04,M_05_09,M_10_14,M_15_19,M_20_24,M_25_29,M_30_34,M_35_39,M_40_44,M_45_49,M_50_54,M_55_59,M_60_64,M_65_69,M_70_74,M_75_79,M_80Plus,T_00_04,T_05_09,T_10_14,T_15_19,T_20_24,T_25_29,T_30_34,T_35_39,T_40_44,T_45_49,T_50_54,T_55_59,T_60_64,T_65_69,T_70_74,T_75_79,T_80Plus
2025,PHL,Philippines,PH,AUTONOMOUS REGION IN MUSLIM MINDANAO (ARMM),PH150000000,Basilan,PH150700000,"215,817","216,989","432,806","29,285","26,910","24,058","21,019","20,712","19,805","16,752","12,112","10,042","9,107","7,740","6,321","4,801","3,052","2,014","1,213",874,"30,949","28,351","25,280","22,110","21,458","20,174","16,488","10,954","8,896","8,358","7,220","6,103","4,589","2,841","1,733",889,596,"60,234","55,261","49,338","43,129","42,170","39,979","33,240","23,066","18,938","17,465","14,960","12,424","9,390","5,893","3,747","2,102","1,470"
2025,PHL,Philippines,PH,AUTONOMOUS REGION IN MUSLIM MINDANAO (ARMM),PH150000000,Lanao del Sur,PH153600000,"641,491","618,876","1,260,367","83,805","77,433","69,685","62,893","62,739","60,555","51,138","36,650","30,788","29,091","24,653","19,537","14,353","8,383","5,096","2,851","1,841","88,541","81,536","73,144","60,688","59,763","56,783","46,519","30,596","25,382","24,962","21,869","18,572","13,710","8,053","4,792","2,464","1,502","172,346","158,969","142,829","123,581","122,502","117,338","97,657","67,246","56,170","54,053","46,522","38,109","28,063","16,436","9,888","5,315","3,343"
2025,PHL,Philippines,PH,AUTONOMOUS REGION IN MUSLIM MINDANAO (ARMM),PH150000000,Maguindanao,PH153800000,"737,178","758,543","1,495,721","95,167","88,725","80,592","70,679","70,471","68,529","58,454","40,933","35,109","35,420","30,435","23,581","17,316","10,132","6,125","3,385","2,125","100,551","93,540","84,870","76,169","76,076","73,432","60,498","38,544","31,858","31,790","28,048","24,216","17,925","10,226","5,953","3,033","1,814","195,718","182,265","165,462","146,848","146,547","141,961","118,952","79,477","66,967","67,210","58,483","47,797","35,241","20,358","12,078","6,418","3,939"
2025,PHL,Philippines,PH,AUTONOMOUS REGION IN MUSLIM MINDANAO (ARMM),PH150000000,Sulu,PH156600000,"515,736","499,120","1,014,856","65,262","61,787","57,029","45,648","46,961","46,805","42,077","29,550","25,141","25,020","21,889","18,516","13,864","7,947","4,632","2,321","1,287","68,953","64,876","59,786","44,152","45,319","44,769","39,464","25,336","20,991","21,278","19,138","17,067","12,902","7,662","4,392","1,991","1,044","134,215","126,663","116,815","89,800","92,280","91,574","81,541","54,886","46,132","46,298","41,027","35,583","26,766","15,609","9,024","4,312","2,331"
2025,PHL,Philippines,PH,AUTONOMOUS REGION IN MUSLIM MINDANAO (ARMM),PH150000000,Tawi-Tawi,PH157000000,"215,776","215,993","431,769","26,946","25,454","23,899","21,035","20,241","18,887","16,301","12,879","11,298","10,793","9,162","7,095","5,227","3,173","1,904",941,541,"28,471","26,811","25,052","21,162","20,673","19,502","16,254","11,356","9,784","9,843","8,591","6,986","5,140","3,205","1,874",841,448,"55,417","52,265","48,951","42,197","40,914","38,389","32,555","24,235","21,082","20,636","17,753","14,081","10,367","6,378","3,778","1,782",989
2025,PHL,Philippines,PH,CORDILLERA ADMINISTRATIVE REGION (CAR),PH140000000,Abra,PH140100000,"123,526","128,544","252,070","11,100","10,952","10,757","11,768","11,314","9,679","9,517","8,466","7,484","6,498","5,493","5,151","4,592","3,919","2,862","1,919","2,055","11,737","11,388","11,203","12,458","12,673","11,148","10,490","9,041","8,132","6,976","5,673","5,098","4,300","3,407","2,345","1,340","1,135","22,837","22,340","21,960","24,226","23,987","20,827","20,007","17,507","15,616","13,474","11,166","10,249","8,892","7,326","5,207","3,259","3,190"
2025,PHL,Philippines,PH,CORDILLERA ADMINISTRATIVE REGION (CAR),PH140000000,Apayao,PH148100000,"62,184","65,414","127,598","6,853","6,629","6,304","5,753","5,391","5,361","4,771","3,889","3,378","3,026","2,683","2,265","2,009","1,592","1,010",660,610,"7,237","6,889","6,553","6,112","6,086","5,959","5,279","4,173","3,582","3,279","2,852","2,390","1,890","1,375",871,491,396,"14,090","13,518","12,857","11,865","11,477","11,320","10,050","8,062","6,960","6,305","5,535","4,655","3,899","2,967","1,881","1,151","1,006"
2025,PHL,Philippines,PH,CORDILLERA ADMINISTRATIVE REGION (CAR),PH140000000,Benguet,PH141100000,"444,862","447,738","892,600","37,876","37,777","36,860","37,311","41,329","39,217","40,911","38,003","30,114","23,662","19,282","18,096","15,552","11,915","7,850","4,738","4,369","40,056","39,200","38,045","38,025","44,921","41,640","41,132","37,233","30,364","24,223","19,311","16,929","13,588","10,221","6,574","3,616","2,660","77,932","76,977","74,905","75,336","86,250","80,857","82,043","75,236","60,478","47,885","38,593","35,025","29,140","22,136","14,424","8,354","7,029"
2025,PHL,Philippines,PH,CORDILLERA ADMINISTRATIVE REGION (CAR),PH140000000,Ifugao,PH142700000,"105,685","111,204","216,889","11,884","11,677","11,029","9,909","9,068","8,692","8,802","7,458","5,790","4,743","3,800","3,565","3,129","2,514","1,612",973,"1,040","12,570","12,127","11,461","10,484","10,312","9,571","9,255","8,019","6,535","5,301","4,291","3,579","2,879","2,060","1,413",724,623,"24,454","23,804","22,490","20,393","19,380","18,263","18,057","15,477","12,325","10,044","8,091","7,144","6,008","4,574","3,025","1,697","1,663"
2025,PHL,Philippines,PH,CORDILLERA ADMINISTRATIVE REGION (CAR),PH140000000,Kalinga,PH143200000,"110,155","116,034","226,189","12,332","12,023","11,299","10,093","9,518","9,198","9,064","7,391","5,745","4,993","4,399","3,954","3,327","2,771","1,811","1,152","1,085","13,030","12,465","11,717","11,028","11,080","10,396","9,499","7,924","6,401","5,397","4,578","3,960","3,162","2,265","1,553",888,691,"25,362","24,488","23,016","21,121","20,598","19,594","18,563","15,315","12,146","10,390","8,977","7,914","6,489","5,036","3,364","2,040","1,776"
2025,PHL,Philippines,PH,CORDILLERA ADMINISTRATIVE REGION (CAR),PH140000000,Mountain Province,PH144400000,"77,182","81,753","158,935","8,480","8,334","7,874","7,088","6,665","6,217","6,346","5,429","4,152","3,453","2,919","2,645","2,333","1,991","1,312",907,"1,037","8,970","8,697","8,243","7,488","7,653","7,194","6,914","5,899","4,540","3,768","3,123","2,827","2,302","1,716","1,180",645,594,"17,450","17,031","16,117","14,576","14,318","13,411","13,260","11,328","8,692","7,221","6,042","5,472","4,635","3,707","2,492","1,552","1,631"
2025,PHL,Philippines,PH,MIMAROPA REGION,PH170000000,Marinduque,PH174000000,"122,167","126,002","248,169","13,876","13,361","12,325","10,545","9,953","10,518","9,030","6,195","5,462","5,412","5,304","5,034","4,310","3,826","2,910","2,107","1,999","14,665","14,206","13,109","10,969","10,290","11,120","9,862","6,977","5,707","5,778","5,336","5,040","4,120","3,511","2,470","1,618","1,224","28,541","27,567","25,434","21,514","20,243","21,638","18,892","13,172","11,169","11,190","10,640","10,074","8,430","7,337","5,380","3,725","3,223"
2025,PHL,Philippines,PH,MIMAROPA REGION,PH170000000,Occidental Mindoro,PH175100000,"259,908","276,860","536,768","30,821","30,552","29,130","24,077","20,892","20,551","19,131","15,534","13,559","12,002","10,912","9,527","7,772","6,086","4,115","2,845","2,402","32,571","32,929","31,645","26,875","21,197","20,555","20,203","16,982","15,023","13,516","12,413","10,460","8,426","6,211","3,920","2,285","1,649","63,392","63,481","60,775","50,952","42,089","41,106","39,334","32,516","28,582","25,518","23,325","19,987","16,198","12,297","8,035","5,130","4,051"
2025,PHL,Philippines,PH,MIMAROPA REGION,PH170000000,Oriental Mindoro,PH175200000,"465,475","480,699","946,174","52,172","51,758","49,421","41,580","37,192","38,696","35,302","27,969","24,310","22,255","20,105","17,713","14,748","12,293","8,715","5,861","5,385","55,198","55,116","52,597","43,081","38,454","39,570","37,373","29,428","24,987","23,468","21,176","18,318","14,890","11,219","7,685","4,501","3,638","107,370","106,874","102,018","84,661","75,646","78,266","72,675","57,397","49,297","45,723","41,281","36,031","29,638","23,512","16,400","10,362","9,023"
2025,PHL,Philippines,PH,MIMAROPA REGION,PH170000000,Palawan,PH175300000,"633,986","669,597","1,303,583","73,710","71,231","66,587","60,591","55,689","54,031","50,008","39,354","34,033","28,917","25,447","21,564","18,236","14,023","9,350","6,059","5,156","77,911","76,460","71,821","62,188","55,677","54,248","50,612","42,450","37,137","33,119","29,052","24,416","20,422","15,090","9,385","5,588","4,021","151,621","147,691","138,408","122,779","111,366","108,279","100,620","81,804","71,170","62,036","54,499","45,980","38,658","29,113","18,735","11,647","9,177"
2025,PHL,Philippines,PH,MIMAROPA REGION,PH170000000,Romblon,PH175900000,"151,049","157,088","308,137","17,894","17,272","15,928","13,209","12,301","12,923","11,178","8,222","6,722","6,145","6,031","5,887","5,141","4,264","3,111","2,263","2,558","18,915","18,355","16,935","13,760","12,980","13,725","12,533","9,045","7,179","6,555","6,487","6,124","5,118","3,890","2,512","1,529","1,446","36,809","35,627","32,863","26,969","25,281","26,648","23,711","17,267","13,901","12,700","12,518","12,011","10,259","8,154","5,623","3,792","4,004"
2025,PHL,Philippines,PH,NATIONAL CAPITAL REGION (NCR),PH130000000,National Capital Region,PH130000000,"7,362,023","7,159,634","14,521,657","566,770","609,236","640,927","550,450","556,668","561,377","583,868","584,562","556,968","486,644","408,741","361,932","299,557","238,397","161,033","104,329","90,564","599,057","642,628","673,968","564,949","590,717","588,794","562,297","546,321","517,584","467,146","388,434","327,967","257,223","194,202","122,391","70,819","45,137","1,165,827","1,251,864","1,314,895","1,115,399","1,147,385","1,150,171","1,146,165","1,130,883","1,074,552","953,790","797,175","689,899","556,780","432,599","283,424","175,148","135,701"
2025,PHL,Philippines,PH,REGION I (ILOCOS REGION),PH010000000,Ilocos Norte,PH012800000,"312,510","315,690","628,200","22,477","23,200","24,031","26,528","23,975","23,354","24,030","23,309","21,679","19,353","17,203","15,855","13,400","10,963","8,735","6,371","8,047","23,846","24,694","25,647","28,616","25,855","25,134","24,727","23,520","22,548","19,971","17,891","16,099","12,864","9,646","6,501","4,005","4,126","46,323","47,894","49,678","55,144","49,830","48,488","48,757","46,829","44,227","39,324","35,094","31,954","26,264","20,609","15,236","10,376","12,173"
2025,PHL,Philippines,PH,REGION I (ILOCOS REGION),PH010000000,Ilocos Sur,PH012900000,"366,001","369,052","735,053","27,096","28,960","30,039","30,945","27,642","27,035","28,621","26,381","25,640","22,438","19,379","17,644","15,549","12,592","9,916","7,140","8,984","28,659","30,723","31,915","33,062","29,702","28,083","29,376","27,245","25,768","23,457","20,047","18,199","15,097","11,331","7,588","4,555","4,245","55,755","59,683","61,954","64,007","57,344","55,118","57,997","53,626","51,408","45,895","39,426","35,843","30,646","23,923","17,504","11,695","13,229"
2025,PHL,Philippines,PH,REGION I (ILOCOS REGION),PH010000000,La Union,PH013300000,"426,808","432,753","859,561","32,986","34,429","35,023","36,748","33,675","33,688","33,813","30,625","28,296","24,918","21,978","20,401","17,879","14,854","10,938","8,123","8,434","34,886","36,610","37,221","38,870","35,920","35,904","35,523","31,707","29,188","25,841","22,534","20,554","16,943","13,091","8,579","5,220","4,162","67,872","71,039","72,244","75,618","69,595","69,592","69,336","62,332","57,484","50,759","44,512","40,955","34,822","27,945","19,517","13,343","12,596"
2025,PHL,Philippines,PH,REGION I (ILOCOS REGION),PH010000000,Pangasinan,PH015500000,"1,598,969","1,636,280","3,235,249","160,462","164,885","164,395","138,413","123,821","122,547","118,168","102,405","92,288","83,003","74,940","66,731","55,174","44,897","33,900","26,463","26,477","169,869","175,505","175,377","148,165","132,423","128,255","124,017","105,960","93,925","85,087","76,875","68,101","54,232","40,884","27,177","17,268","13,160","330,331","340,390","339,772","286,578","256,244","250,802","242,185","208,365","186,213","168,090","151,815","134,832","109,406","85,781","61,077","43,731","39,637"
2025,PHL,Philippines,PH,REGION II (CAGAYAN VALLEY),PH020000000,Batanes,PH020900000,"9,186","9,385","18,571","1,067","1,041",998,731,715,766,580,459,435,420,477,363,340,244,206,144,200,"1,131","1,101","1,055",728,738,763,649,506,471,490,455,410,323,213,159,96,97,"2,198","2,142","2,053","1,459","1,453","1,529","1,229",965,906,910,932,773,663,457,365,240,297
2025,PHL,Philippines,PH,REGION II (CAGAYAN VALLEY),PH020000000,Cagayan,PH021500000,"656,300","674,099","1,330,399","57,860","60,014","60,057","53,734","50,905","52,691","52,749","45,462","39,550","36,545","32,614","29,278","26,787","22,113","15,952","9,929","10,060","61,264","63,509","63,530","57,329","55,218","56,750","55,921","47,893","41,102","37,285","33,755","29,615","25,833","19,868","12,806","6,799","5,622","119,124","123,523","123,587","111,063","106,123","109,441","108,670","93,355","80,652","73,830","66,369","58,893","52,620","41,981","28,758","16,728","15,682"
2025,PHL,Philippines,PH,REGION II (CAGAYAN VALLEY),PH020000000,Isabela,PH023100000,"864,095","892,566","1,756,661","77,945","81,480","82,388","71,522","66,211","66,457","68,269","60,931","52,934","49,778","44,181","39,594","34,053","26,828","18,947","11,847","10,730","82,517","86,179","87,281","76,438","72,151","71,092","71,867","63,794","54,721","51,707","45,782","40,292","33,576","25,004","15,634","8,473","6,058","160,462","167,659","169,669","147,960","138,362","137,549","140,136","124,725","107,655","101,485","89,963","79,886","67,629","51,832","34,581","20,320","16,788"
2025,PHL,Philippines,PH,REGION II (CAGAYAN VALLEY),PH020000000,Nueva Vizcaya,PH025000000,"249,726","256,989","506,715","23,797","24,363","24,239","22,305","20,030","19,279","19,435","17,243","15,098","13,352","11,734","10,655","9,304","7,389","5,259","3,283","2,961","25,218","25,771","25,651","22,444","21,145","20,537","19,825","17,646","16,028","14,432","12,522","11,127","9,088","6,977","4,419","2,451","1,708","49,015","50,134","49,890","44,749","41,175","39,816","39,260","34,889","31,126","27,784","24,256","21,782","18,392","14,366","9,678","5,734","4,669"
2025,PHL,Philippines,PH,REGION II (CAGAYAN VALLEY),PH020000000,Quirino,PH025700000,"100,319","104,479","204,798","10,413","10,629","10,438","8,054","7,586","7,668","8,248","6,878","5,971","5,456","4,733","3,878","3,513","2,837","1,855","1,111","1,051","11,027","11,352","11,177","8,636","8,303","8,185","8,231","7,229","6,278","5,738","4,906","4,200","3,393","2,672","1,702",832,618,"21,440","21,981","21,615","16,690","15,889","15,853","16,479","14,107","12,249","11,194","9,639","8,078","6,906","5,509","3,557","1,943","1,669"
2025,PHL,Philippines,PH,REGION III (CENTRAL LUZON),PH030000000,Aurora,PH037700000,"115,702","122,135","237,837","12,129","11,650","10,800","10,973","10,281","10,785","9,545","7,238","5,941","5,566","5,195","4,509","3,588","2,872","1,969","1,326","1,335","12,847","12,508","11,580","11,555","10,685","11,095","10,419","8,120","6,539","6,064","5,594","4,865","3,934","2,774","1,736",980,840,"24,976","24,158","22,380","22,528","20,966","21,880","19,964","15,358","12,480","11,630","10,789","9,374","7,522","5,646","3,705","2,306","2,175"
2025,PHL,Philippines,PH,REGION III (CENTRAL LUZON),PH030000000,Bataan,PH030800000,"444,760","451,924","896,684","37,513","38,514","38,778","37,931","36,951","36,347","34,959","32,015","29,188","26,777","22,326","20,676","17,377","14,192","9,973","6,199","5,044","39,731","40,949","41,360","39,777","39,183","38,629","36,407","33,227","29,860","26,986","22,316","20,120","16,021","12,291","7,737","4,462","2,868","77,244","79,463","80,138","77,708","76,134","74,976","71,366","65,242","59,048","53,763","44,642","40,796","33,398","26,483","17,710","10,661","7,912"
2025,PHL,Philippines,PH,REGION III (CENTRAL LUZON),PH030000000,Bulacan,PH031400000,"1,951,439","1,972,387","3,923,826","158,555","163,234","164,859","172,271","159,678","160,354","153,215","138,544","130,231","121,497","105,269","94,929","75,165","58,422","41,251","28,020","25,945","167,878","173,755","176,181","180,972","170,330","167,606","157,659","141,107","130,402","122,846","104,933","92,526","70,369","51,236","32,415","18,635","13,537","326,433","336,989","341,040","353,243","330,008","327,960","310,874","279,651","260,633","244,343","210,202","187,455","145,534","109,658","73,666","46,655","39,482"
2025,PHL,Philippines,PH,REGION III (CENTRAL LUZON),PH030000000,Nueva Ecija,PH034900000,"1,273,030","1,309,665","2,582,695","108,350","111,501","112,174","109,655","103,490","101,512","100,449","88,323","79,737","74,448","66,450","61,496","50,145","39,452","27,621","18,472","19,755","114,656","118,700","119,990","116,317","112,505","108,689","106,028","92,410","82,723","76,764","67,820","61,816","48,981","35,995","22,465","12,755","11,051","223,006","230,201","232,164","225,972","215,995","210,201","206,477","180,733","162,460","151,212","134,270","123,312","99,126","75,447","50,086","31,227","30,806"
2025,PHL,Philippines,PH,REGION III (CENTRAL LUZON),PH030000000,Pampanga,PH035400000,"1,545,251","1,570,535","3,115,786","126,504","129,605","130,596","135,231","131,048","128,448","122,294","112,187","101,974","93,117","81,106","72,972","57,437","44,934","32,101","23,253","22,444","133,888","137,691","139,194","142,124","137,683","133,954","124,908","114,408","102,097","95,278","83,128","74,254","55,895","41,165","26,115","16,251","12,502","260,392","267,296","269,790","277,355","268,731","262,402","247,202","226,595","204,071","188,395","164,234","147,226","113,332","86,099","58,216","39,504","34,946"
2025,PHL,Philippines,PH,REGION III (CENTRAL LUZON),PH030000000,Tarlac,PH036900000,"754,603","778,521","1,533,124","61,481","64,269","66,031","69,513","60,682","58,024","57,783","52,935","48,349","44,250","40,179","36,464","29,622","23,437","17,120","12,331","12,133","65,080","65,707","65,394","73,434","74,884","75,333","68,428","55,029","46,711","43,078","38,862","34,007","26,379","19,459","12,576","7,818","6,342","126,561","129,976","131,425","142,947","135,566","133,357","126,211","107,964","95,060","87,328","79,041","70,471","56,001","42,896","29,696","20,149","18,475"
2025,PHL,Philippines,PH,REGION III (CENTRAL LUZON),PH030000000,Zambales,PH037100000,"467,514","482,204","949,718","41,696","41,914","41,299","41,914","39,000","40,326","37,314","33,743","28,884","24,914","21,876","20,215","16,921","13,708","9,970","7,212","6,608","44,219","44,661","44,052","43,959","41,870","42,482","39,086","36,332","30,258","25,861","23,439","20,647","16,593","12,346","7,937","4,933","3,529","85,915","86,575","85,351","85,873","80,870","82,808","76,400","70,075","59,142","50,775","45,315","40,862","33,514","26,054","17,907","12,145","10,137"
2025,PHL,Philippines,PH,REGION IV-A (CALABARZON),PH040000000,Batangas,PH041000000,"1,705,945","1,717,098","3,423,043","148,445","150,027","149,765","151,733","144,251","141,568","134,003","116,795","110,824","100,161","87,090","76,246","59,921","48,648","36,017","25,420","25,031","157,064","159,157","159,107","159,393","151,620","147,771","136,459","118,150","109,844","100,246","87,550","74,510","56,660","42,825","27,838","16,305","12,599","305,509","309,184","308,872","311,126","295,871","289,339","270,462","234,945","220,668","200,407","174,640","150,756","116,581","91,473","63,855","41,725","37,630"
2025,PHL,Philippines,PH,REGION IV-A (CALABARZON),PH040000000,Cavite,PH042100000,"2,338,516","2,300,975","4,639,491","189,736","196,533","199,737","202,515","190,578","191,268","184,684","175,866","165,713","151,670","126,678","110,378","87,450","66,340","44,826","28,822","25,722","200,826","208,900","212,505","211,084","199,646","195,172","180,947","169,109","155,691","143,952","121,206","102,726","78,643","55,610","33,702","18,525","12,731","390,562","405,433","412,242","413,599","390,224","386,440","365,631","344,975","321,404","295,622","247,884","213,104","166,093","121,950","78,528","47,347","38,453"
2025,PHL,Philippines,PH,REGION IV-A (CALABARZON),PH040000000,Laguna,PH043400000,"1,805,344","1,778,250","3,583,594","146,571","152,302","155,578","149,800","150,723","146,388","143,385","138,426","130,501","117,668","93,838","81,931","67,076","52,724","36,681","22,075","19,677","155,119","161,609","164,830","155,312","156,371","150,361","140,480","131,969","122,599","113,287","91,590","77,775","59,674","44,733","28,129","14,546","9,866","301,690","313,911","320,408","305,112","307,094","296,749","283,865","270,395","253,100","230,955","185,428","159,706","126,750","97,457","64,810","36,621","29,543"
2025,PHL,Philippines,PH,REGION IV-A (CALABARZON),PH040000000,Quezon,PH045600000,"1,162,698","1,204,517","2,367,215","117,791","116,231","112,370","109,139","96,701","97,791","88,482","72,839","63,423","59,177","53,364","49,296","40,967","32,993","23,230","14,624","14,280","124,650","123,411","119,646","115,596","105,271","105,554","94,903","76,832","65,993","61,584","54,840","49,924","40,066","30,056","18,703","9,848","7,640","242,441","239,642","232,016","224,735","201,972","203,345","183,385","149,671","129,416","120,761","108,204","99,220","81,033","63,049","41,933","24,472","21,920"
2025,PHL,Philippines,PH,REGION IV-A (CALABARZON),PH040000000,Rizal,PH045800000,"1,733,447","1,730,779","3,464,226","148,882","151,638","151,745","153,813","144,451","144,653","138,296","124,149","116,925","106,707","90,528","78,742","62,929","49,659","33,575","20,217","16,538","157,581","160,951","161,047","160,533","151,242","149,218","137,931","121,660","113,068","105,211","89,230","74,463","57,528","42,044","26,124","13,952","8,996","306,463","312,589","312,792","314,346","295,693","293,871","276,227","245,809","229,993","211,918","179,758","153,205","120,457","91,703","59,699","34,169","25,534"
2025,PHL,Philippines,PH,REGION IX (ZAMBOANGA PENINSULA),PH090000000,CITY OF ISABELA (Not a Province),PH099700000,"70,253","69,467","139,720","7,261","7,214","6,925","6,499","5,889","6,121","5,949","4,774","4,165","3,393","3,085","2,656","2,206","1,668","1,197",720,531,"7,679","7,614","7,289","6,584","6,235","6,293","5,445","4,508","3,874","3,185","2,941","2,483","2,025","1,528",949,524,311,"14,940","14,828","14,214","13,083","12,124","12,414","11,394","9,282","8,039","6,578","6,026","5,139","4,231","3,196","2,146","1,244",842
2025,PHL,Philippines,PH,REGION IX (ZAMBOANGA PENINSULA),PH090000000,ZAMBOANGA DEL NORTE,PH097200000,"524,184","550,677","1,074,861","53,298","51,700","49,034","51,874","46,322","46,450","41,553","32,554","26,881","24,556","23,816","21,477","18,255","14,079","10,083","6,401","5,851","56,400","54,666","51,849","53,735","50,381","50,708","46,511","35,965","29,340","26,193","24,515","22,168","18,183","13,284","8,562","4,713","3,504","109,698","106,366","100,883","105,609","96,703","97,158","88,064","68,519","56,221","50,749","48,331","43,645","36,438","27,363","18,645","11,114","9,355"
2025,PHL,Philippines,PH,REGION IX (ZAMBOANGA PENINSULA),PH090000000,ZAMBOANGA DEL SUR,PH097300000,"975,068","995,994","1,971,062","96,240","94,766","91,072","94,801","85,002","83,768","81,925","64,982","53,712","49,154","44,901","39,123","32,514","25,596","17,514","11,021","8,977","101,867","100,232","96,286","97,140","90,236","87,859","83,475","66,082","55,320","50,431","44,704","38,909","31,575","23,558","15,166","8,074","5,080","198,107","194,998","187,358","191,941","175,238","171,627","165,400","131,064","109,032","99,585","89,605","78,032","64,089","49,154","32,680","19,095","14,057"
2025,PHL,Philippines,PH,REGION IX (ZAMBOANGA PENINSULA),PH090000000,ZAMBOANGA SIBUGAY,PH098300000,"350,229","365,657","715,886","39,481","37,888","35,320","34,200","31,625","30,386","29,093","22,293","17,926","15,367","14,384","12,738","10,382","8,022","5,261","3,181","2,682","41,773","40,054","37,342","35,275","33,098","32,160","30,873","24,074","19,181","16,918","14,893","13,106","10,405","7,522","4,783","2,501","1,699","81,254","77,942","72,662","69,475","64,723","62,546","59,966","46,367","37,107","32,285","29,277","25,844","20,787","15,544","10,044","5,682","4,381"
2025,PHL,Philippines,PH,REGION V (BICOL REGION),PH050000000,Albay,PH050500000,"719,117","740,257","1,459,374","74,693","72,106","67,883","65,493","63,790","62,059","56,618","43,416","36,694","33,842","30,657","28,642","24,427","20,433","15,610","11,475","11,279","79,005","76,227","71,724","70,203","68,163","66,682","61,323","46,964","39,128","35,142","30,782","28,374","23,157","17,481","12,313","7,729","5,860","153,698","148,333","139,607","135,696","131,953","128,741","117,941","90,380","75,822","68,984","61,439","57,016","47,584","37,914","27,923","19,204","17,139"
2025,PHL,Philippines,PH,REGION V (BICOL REGION),PH050000000,Camarines Norte,PH051600000,"319,800","333,524","653,324","36,443","33,972","31,431","31,303","29,198","28,451","23,740","18,095","15,354","14,211","13,060","12,420","10,197","8,085","5,929","4,079","3,832","38,547","35,656","33,042","31,593","32,338","31,678","26,247","20,279","15,930","14,947","13,392","12,619","9,992","7,574","4,798","2,847","2,045","74,990","69,628","64,473","62,896","61,536","60,129","49,987","38,374","31,284","29,158","26,452","25,039","20,189","15,659","10,727","6,926","5,877"
2025,PHL,Philippines,PH,REGION V (BICOL REGION),PH050000000,Camarines Sur,PH051700000,"1,050,761","1,092,348","2,143,109","122,804","115,384","106,320","99,777","96,159","91,196","78,102","59,852","49,702","46,081","41,124","37,927","32,075","26,472","19,944","14,211","13,631","129,951","122,061","112,490","105,803","102,992","97,889","86,332","67,146","53,853","48,400","41,552","37,439","30,555","23,236","15,821","9,436","7,392","252,755","237,445","218,810","205,580","199,151","189,085","164,434","126,998","103,555","94,481","82,676","75,366","62,630","49,708","35,765","23,647","21,023"
2025,PHL,Philippines,PH,REGION V (BICOL REGION),PH050000000,Catanduanes,PH052000000,"137,701","144,615","282,316","17,061","15,792","14,249","12,501","12,297","12,311","10,394","7,393","6,111","5,636","5,166","4,947","4,138","3,218","2,477","1,854","2,156","18,051","16,632","15,004","13,320","13,578","13,550","11,877","8,376","6,624","5,933","5,324","5,037","4,052","2,988","1,940","1,209","1,120","35,112","32,424","29,253","25,821","25,875","25,861","22,271","15,769","12,735","11,569","10,490","9,984","8,190","6,206","4,417","3,063","3,276"
2025,PHL,Philippines,PH,REGION V (BICOL REGION),PH050000000,Masbate,PH054100000,"474,801","497,414","972,215","59,379","53,286","47,161","50,875","46,486","44,412","33,874","23,083","19,428","18,777","17,862","16,096","13,511","11,124","8,115","5,415","5,917","62,836","56,382","49,962","53,740","50,362","48,259","38,831","25,872","21,307","19,740","18,292","15,996","12,912","9,832","6,380","3,621","3,090","122,215","109,668","97,123","104,615","96,848","92,671","72,705","48,955","40,735","38,517","36,154","32,092","26,423","20,956","14,495","9,036","9,007"
2025,PHL,Philippines,PH,REGION V (BICOL REGION),PH050000000,Sorsogon,PH056200000,"435,779","451,573","887,352","53,644","49,789","45,135","40,414","38,609","38,813","32,509","22,337","19,063","18,438","17,313","16,113","13,359","10,586","7,825","5,806","6,026","56,757","52,656","47,705","40,790","41,439","41,728","36,431","25,099","20,089","19,407","17,512","16,148","12,980","9,511","6,228","3,858","3,235","110,401","102,445","92,840","81,204","80,048","80,541","68,940","47,436","39,152","37,845","34,825","32,261","26,339","20,097","14,053","9,664","9,261"
2025,PHL,Philippines,PH,REGION VI (WESTERN VISAYAS),PH060000000,Aklan,PH060400000,"310,303","319,019","629,322","29,347","29,245","28,233","27,232","25,574","25,805","25,381","21,695","18,332","15,623","13,668","12,704","10,938","9,153","6,800","5,025","5,548","31,069","31,017","30,031","27,390","27,762","28,495","27,308","22,958","19,429","16,705","14,102","12,732","10,201","7,845","5,529","3,486","2,960","60,416","60,262","58,264","54,622","53,336","54,300","52,689","44,653","37,761","32,328","27,770","25,436","21,139","16,998","12,329","8,511","8,508"
2025,PHL,Philippines,PH,REGION VI (WESTERN VISAYAS),PH060000000,Antique,PH060600000,"311,328","324,895","636,223","34,320","34,898","34,121","25,792","22,787","24,865","24,095","20,764","16,803","13,864","12,215","11,934","10,424","8,390","6,300","4,578","5,178","36,331","35,939","33,958","27,223","26,040","27,039","26,975","22,753","18,175","15,776","13,772","12,019","10,203","7,704","5,111","2,998","2,879","70,651","70,837","68,079","53,015","48,827","51,904","51,070","43,517","34,978","29,640","25,987","23,953","20,627","16,094","11,411","7,576","8,057"
2025,PHL,Philippines,PH,REGION VI (WESTERN VISAYAS),PH060000000,Capiz,PH061900000,"420,000","428,721","848,721","35,859","35,302","33,653","37,259","36,250","37,547","36,018","28,168","23,566","21,365","19,657","18,913","16,596","13,959","10,763","7,298","7,827","37,952","37,466","35,815","37,544","38,139","39,946","38,708","30,935","25,723","22,879","20,291","18,403","15,852","11,902","8,333","4,748","4,085","73,811","72,768","69,468","74,803","74,389","77,493","74,726","59,103","49,289","44,244","39,948","37,316","32,448","25,861","19,096","12,046","11,912"
2025,PHL,Philippines,PH,REGION VI (WESTERN VISAYAS),PH060000000,Guimaras,PH067900000,"94,260","99,062","193,322","8,490","8,476","8,243","8,388","7,741","7,822","7,673","6,492","5,702","4,896","4,434","4,047","3,591","2,948","2,191","1,488","1,638","8,983","9,020","8,806","8,774","8,314","8,571","8,268","7,479","6,332","5,510","4,775","4,181","3,521","2,715","1,830","1,045",938,"17,473","17,496","17,049","17,162","16,055","16,393","15,941","13,971","12,034","10,406","9,209","8,228","7,112","5,663","4,021","2,533","2,576"
2025,PHL,Philippines,PH,REGION VI (WESTERN VISAYAS),PH060000000,Iloilo,PH063000000,"1,304,279","1,327,256","2,631,535","110,998","112,490","111,169","114,162","106,926","104,035","103,965","92,734","79,475","69,819","61,799","58,346","51,622","43,307","33,194","23,868","26,370","117,503","119,251","118,089","120,791","113,818","111,453","108,865","98,784","84,197","73,843","63,490","57,179","48,224","37,273","25,616","15,379","13,501","228,501","231,741","229,258","234,953","220,744","215,488","212,830","191,518","163,672","143,662","125,289","115,525","99,846","80,580","58,810","39,247","39,871"
2025,PHL,Philippines,PH,REGION VI (WESTERN VISAYAS),PH060000000,Negros Occidental,PH064500000,"1,602,506","1,660,070","3,262,576","153,221","151,313","145,473","145,053","136,248","133,748","131,000","103,556","86,020","77,924","74,276","68,403","59,922","50,041","37,276","24,050","24,982","162,181","160,447","154,723","153,868","145,803","144,497","141,145","115,507","94,692","84,085","74,898","68,264","57,061","43,128","29,694","16,417","13,660","315,402","311,760","300,196","298,921","282,051","278,245","272,145","219,063","180,712","162,009","149,174","136,667","116,983","93,169","66,970","40,467","38,642"
2025,PHL,Philippines,PH,REGION VII (CENTRAL VISAYAS),PH070000000,Bohol,PH071200000,"687,792","717,429","1,405,221","73,227","71,858","69,278","60,269","57,839","55,386","50,023","40,825","35,071","32,067","30,410","27,945","24,689","20,205","15,021","11,077","12,602","77,502","76,007","73,273","65,070","64,208","60,873","56,161","44,915","36,931","33,758","31,371","27,974","23,360","18,213","12,269","8,003","7,541","150,729","147,865","142,551","125,339","122,047","116,259","106,184","85,740","72,002","65,825","61,781","55,919","48,049","38,418","27,290","19,080","20,143"
2025,PHL,Philippines,PH,REGION VII (CENTRAL VISAYAS),PH070000000,Cebu,PH072200000,"2,693,547","2,743,285","5,436,832","240,663","246,978","247,070","234,633","226,818","215,246","219,291","197,051","172,491","151,479","130,672","113,367","95,900","75,992","56,371","36,166","33,359","254,617","261,169","260,799","247,222","242,773","229,754","225,355","200,275","176,026","153,964","131,390","111,554","90,833","67,394","45,225","25,763","19,172","495,280","508,147","507,869","481,855","469,591","445,000","444,646","397,326","348,517","305,443","262,062","224,921","186,733","143,386","101,596","61,929","52,531"
2025,PHL,Philippines,PH,REGION VII (CENTRAL VISAYAS),PH070000000,Negros Oriental,PH074600000,"709,084","736,702","1,445,786","68,829","67,178","64,203","66,033","61,166","62,386","57,895","43,056","36,442","33,759","32,341","30,188","27,237","21,879","16,401","10,078","10,013","72,818","71,041","67,791","66,587","66,123","68,005","65,063","48,257","39,549","35,766","32,662","29,759","26,168","19,833","13,860","7,460","5,960","141,647","138,219","131,994","132,620","127,289","130,391","122,958","91,313","75,991","69,525","65,003","59,947","53,405","41,712","30,261","17,538","15,973"
2025,PHL,Philippines,PH,REGION VII (CENTRAL VISAYAS),PH070000000,Siquijor,PH076100000,"51,018","52,850","103,868","4,712","4,895","4,858","4,096","3,811","3,978","4,028","3,234","2,877","2,621","2,489","2,246","2,051","1,703","1,354",955,"1,110","4,989","5,225","5,156","4,266","4,133","4,200","4,407","3,731","3,173","2,842","2,582","2,276","1,949","1,520","1,078",674,649,"9,701","10,120","10,014","8,362","7,944","8,178","8,435","6,965","6,050","5,463","5,071","4,522","4,000","3,223","2,432","1,629","1,759"
2025,PHL,Philippines,PH,REGION VIII (EASTERN VISAYAS),PH080000000,Biliran,PH087800000,"90,263","95,126","185,389","10,202","9,493","8,423","8,069","7,930","8,847","7,181","5,283","4,235","3,953","3,603","3,411","2,878","2,341","1,730","1,303","1,381","10,787","10,154","9,044","9,001","8,430","9,132","8,581","5,888","4,570","4,047","3,810","3,399","2,853","2,162","1,482",982,804,"20,989","19,647","17,467","17,070","16,360","17,979","15,762","11,171","8,805","8,000","7,413","6,810","5,731","4,503","3,212","2,285","2,185"
2025,PHL,Philippines,PH,REGION VIII (EASTERN VISAYAS),PH080000000,Eastern Samar,PH082600000,"263,346","280,493","543,839","31,359","29,428","26,359","23,966","23,186","24,189","20,118","14,411","11,842","11,165","10,467","9,597","8,104","6,671","4,724","3,614","4,146","33,164","31,059","27,845","25,475","25,428","26,343","23,420","16,739","13,385","12,072","11,235","9,979","8,321","6,281","4,226","2,899","2,622","64,523","60,487","54,204","49,441","48,614","50,532","43,538","31,150","25,227","23,237","21,702","19,576","16,425","12,952","8,950","6,513","6,768"
2025,PHL,Philippines,PH,REGION VIII (EASTERN VISAYAS),PH080000000,Leyte,PH083700000,"1,120,820","1,177,551","2,298,371","118,739","114,127","106,568","106,195","97,957","98,375","87,160","66,245","55,971","51,258","47,105","44,056","38,245","32,144","23,458","16,462","16,755","125,591","120,462","112,284","111,290","105,089","106,986","98,263","74,701","61,587","55,358","49,550","45,070","38,825","30,596","20,378","12,238","9,283","244,330","234,589","218,852","217,485","203,046","205,361","185,423","140,946","117,558","106,616","96,655","89,126","77,070","62,740","43,836","28,700","26,038"
2025,PHL,Philippines,PH,REGION VIII (EASTERN VISAYAS),PH080000000,Northern Samar,PH084800000,"340,854","356,808","697,662","43,807","39,834","34,986","32,697","32,430","32,110","25,549","17,901","14,380","13,468","12,909","11,114","9,281","7,239","5,263","3,931","3,955","46,312","42,031","36,885","34,318","34,499","34,547","28,524","20,011","15,739","14,038","13,089","11,293","8,906","6,703","4,550","2,931","2,432","90,119","81,865","71,871","67,015","66,929","66,657","54,073","37,912","30,119","27,506","25,998","22,407","18,187","13,942","9,813","6,862","6,387"
2025,PHL,Philippines,PH,REGION VIII (EASTERN VISAYAS),PH080000000,Samar (Western Samar),PH086000000,"414,124","440,753","854,877","51,019","46,913","41,874","39,692","38,524","38,420","30,678","21,340","18,031","17,135","16,538","14,851","11,923","9,670","6,877","5,288","5,351","53,954","49,467","44,136","41,988","41,947","42,243","35,965","24,657","19,866","18,319","17,743","15,562","12,257","9,259","6,165","3,858","3,367","104,973","96,380","86,010","81,680","80,471","80,663","66,643","45,997","37,897","35,454","34,281","30,413","24,180","18,929","13,042","9,146","8,718"
2025,PHL,Philippines,PH,REGION VIII (EASTERN VISAYAS),PH080000000,Southern Leyte,PH086400000,"229,897","239,191","469,088","23,362","22,765","21,528","19,669","19,285","19,624","17,434","13,646","11,656","11,175","10,036","10,025","8,805","7,152","5,283","3,997","4,455","24,717","24,038","22,719","20,624","20,652","21,145","19,657","15,289","12,322","11,729","10,611","9,948","8,663","6,690","4,563","3,085","2,739","48,079","46,803","44,247","40,293","39,937","40,769","37,091","28,935","23,978","22,904","20,647","19,973","17,468","13,842","9,846","7,082","7,194"
2025,PHL,Philippines,PH,REGION X (NORTHERN MINDANAO),PH100000000,Bukidnon,PH101300000,"765,789","818,457","1,584,246","73,885","73,501","70,464","76,159","68,218","63,946","64,862","54,293","43,764","38,877","34,497","30,192","25,093","19,948","13,362","7,740","6,988","78,159","75,502","71,623","79,092","78,551","76,163","73,502","61,730","48,362","42,520","36,219","31,316","24,737","18,584","11,791","6,158","4,448","152,044","149,003","142,087","155,251","146,769","140,109","138,364","116,023","92,126","81,397","70,716","61,508","49,830","38,532","25,153","13,898","11,436"
2025,PHL,Philippines,PH,REGION X (NORTHERN MINDANAO),PH100000000,Camiguin,PH101800000,"46,821","48,654","95,475","4,765","4,642","4,468","4,315","3,913","3,768","3,606","2,721","2,267","2,254","2,167","2,029","1,800","1,385","1,072",759,890,"5,041","4,774","4,541","4,536","4,531","4,411","3,977","3,082","2,398","2,261","2,097","2,034","1,780","1,316",850,551,474,"9,806","9,416","9,009","8,851","8,444","8,179","7,583","5,803","4,665","4,515","4,264","4,063","3,580","2,701","1,922","1,310","1,364"
2025,PHL,Philippines,PH,REGION X (NORTHERN MINDANAO),PH100000000,Lanao del Norte,PH103500000,"574,959","580,445","1,155,404","59,623","58,343","55,930","57,733","51,740","48,019","46,267","37,658","31,741","28,119","25,083","22,597","18,147","13,796","9,445","5,745","4,973","63,060","59,852","56,580","57,694","57,499","55,087","48,161","36,868","30,030","26,886","23,561","21,186","16,875","12,326","7,893","4,141","2,746","122,683","118,195","112,510","115,427","109,239","103,106","94,428","74,526","61,771","55,005","48,644","43,783","35,022","26,122","17,338","9,886","7,719"
2025,PHL,Philippines,PH,REGION X (NORTHERN MINDANAO),PH100000000,Misamis Occidental,PH104200000,"317,986","328,326","646,312","30,376","30,828","30,567","28,387","24,964","24,431","24,341","20,306","16,867","16,207","15,374","14,449","12,542","10,130","7,534","5,111","5,572","32,131","31,681","31,042","29,812","29,326","29,190","27,080","21,559","17,225","16,624","15,126","14,476","11,857","8,880","5,951","3,461","2,905","62,507","62,509","61,609","58,199","54,290","53,621","51,421","41,865","34,092","32,831","30,500","28,925","24,399","19,010","13,485","8,572","8,477"
2025,PHL,Philippines,PH,REGION X (NORTHERN MINDANAO),PH100000000,Misamis Oriental,PH104300000,"886,207","905,960","1,792,167","80,227","81,775","80,956","77,868","73,030","70,254","72,664","64,868","53,408","48,632","42,739","38,766","33,330","26,890","18,812","11,521","10,467","84,900","83,927","81,841","80,471","84,707","80,808","76,148","66,318","53,523","48,464","42,306","37,377","31,365","24,025","15,728","8,321","5,731","165,127","165,702","162,797","158,339","157,737","151,062","148,812","131,186","106,931","97,096","85,045","76,143","64,695","50,915","34,540","19,842","16,198"
2025,PHL,Philippines,PH,REGION XI (DAVAO REGION),PH110000000,Compostela Valley,PH118200000,"387,948","415,628","803,576","40,051","39,878","38,182","33,569","33,073","32,923","33,005","27,422","21,615","18,516","17,277","15,796","12,690","9,814","6,566","3,947","3,624","42,402","41,296","39,092","37,458","40,334","35,696","34,541","29,939","23,798","20,933","18,576","16,766","13,294","9,443","5,972","3,492","2,596","82,453","81,174","77,274","71,027","73,407","68,619","67,546","57,361","45,413","39,449","35,853","32,562","25,984","19,257","12,538","7,439","6,220"
2025,PHL,Philippines,PH,REGION XI (DAVAO REGION),PH110000000,Davao del Norte,PH112300000,"532,531","554,573","1,087,104","50,797","52,667","52,703","45,939","42,047","40,879","43,258","39,812","33,059","29,138","24,969","21,933","18,522","14,985","10,578","6,004","5,241","53,740","54,360","53,698","50,595","52,120","45,426","42,730","39,602","34,062","30,341","26,012","22,178","17,995","13,754","9,149","5,182","3,629","104,537","107,027","106,401","96,534","94,167","86,305","85,988","79,414","67,121","59,479","50,981","44,111","36,517","28,739","19,727","11,186","8,870"
2025,PHL,Philippines,PH,REGION XI (DAVAO REGION),PH110000000,Davao del Sur,PH112400000,"1,386,781","1,423,794","2,810,575","133,643","134,952","134,492","124,227","116,759","109,848","110,416","98,421","83,060","73,465","64,944","56,742","47,791","39,157","27,528","16,852","14,484","141,423","145,906","146,358","121,233","109,972","113,439","113,783","106,507","90,478","80,771","69,145","57,401","46,020","35,769","23,843","12,860","8,886","275,066","280,858","280,850","245,460","226,731","223,287","224,199","204,928","173,538","154,236","134,089","114,143","93,811","74,926","51,371","29,712","23,370"
2025,PHL,Philippines,PH,REGION XI (DAVAO REGION),PH110000000,Davao Occidental,PH118600000,"175,910","180,608","356,518","16,952","17,118","17,060","15,758","14,811","13,934","14,006","12,485","10,536","9,319","8,238","7,198","6,063","4,967","3,491","2,137","1,837","17,940","18,509","18,566","15,378","13,950","14,390","14,433","13,510","11,477","10,246","8,771","7,281","5,838","4,537","3,024","1,631","1,127","34,892","35,627","35,626","31,136","28,761","28,324","28,439","25,995","22,013","19,565","17,009","14,479","11,901","9,504","6,515","3,768","2,964"
2025,PHL,Philippines,PH,REGION XI (DAVAO REGION),PH110000000,Davao Oriental,PH112500000,"307,805","325,605","633,410","34,860","34,184","32,522","28,545","25,290","25,858","23,211","18,630","14,731","14,113","13,046","12,132","10,285","7,965","5,454","3,640","3,339","36,887","35,239","33,138","31,730","30,679","28,625","24,547","19,837","16,127","15,092","13,753","12,428","10,100","7,411","4,715","2,985","2,312","71,747","69,423","65,660","60,275","55,969","54,483","47,758","38,467","30,858","29,205","26,799","24,560","20,385","15,376","10,169","6,625","5,651"
2025,PHL,Philippines,PH,REGION XII (SOCCSKSARGEN),PH120000000,Cotabato (North Cotabato),PH124700000,"806,455","836,873","1,643,328","86,201","85,245","81,911","77,682","69,125","68,118","65,244","52,441","44,381","38,233","35,750","30,917","25,206","18,321","12,441","7,923","7,316","91,193","90,067","86,386","78,123","73,407","72,135","67,638","56,470","46,894","41,497","36,953","31,825","24,512","17,689","11,086","6,209","4,789","177,394","175,312","168,297","155,805","142,532","140,253","132,882","108,911","91,275","79,730","72,703","62,742","49,718","36,010","23,527","14,132","12,105"
2025,PHL,Philippines,PH,REGION XII (SOCCSKSARGEN),PH120000000,COTABATO CITY (Not a Province),PH129800000,"161,445","155,781","317,226","16,455","16,840","16,669","13,874","13,850","13,659","13,916","11,308","10,299","8,473","8,080","6,134","4,597","3,090","1,896","1,297","1,008","17,397","17,739","17,475","13,729","13,901","13,205","12,310","10,092","9,000","7,671","6,878","5,924","4,432","2,853","1,622",972,581,"33,852","34,579","34,144","27,603","27,751","26,864","26,226","21,400","19,299","16,144","14,958","12,058","9,029","5,943","3,518","2,269","1,589"
2025,PHL,Philippines,PH,REGION XIII (Caraga),PH160000000,Dinagat Islands,PH168500000,"66,052","67,285","133,337","6,736","7,183","6,980","5,446","4,770","5,181","5,278","4,589","3,472","3,003","2,948","2,685","2,336","1,909","1,429","1,062","1,045","7,115","7,086","6,796","5,838","6,213","6,105","5,800","4,465","3,559","3,020","2,800","2,452","2,056","1,545","1,080",716,639,"13,851","14,269","13,776","11,284","10,983","11,286","11,078","9,054","7,031","6,023","5,748","5,137","4,392","3,454","2,509","1,778","1,684"
2025,PHL,Philippines,PH,REGION XII (SOCCSKSARGEN),PH120000000,Sarangani,PH128000000,"298,590","316,338","614,928","32,649","31,949","30,211","30,068","27,143","25,756","24,098","18,981","16,050","14,276","13,120","10,778","8,518","6,126","4,015","2,613","2,239","34,549","33,669","31,928","31,734","29,219","28,197","25,258","20,981","17,582","15,507","13,825","11,505","8,622","6,165","3,828","2,157","1,612","67,198","65,618","62,139","61,802","56,362","53,953","49,356","39,962","33,632","29,783","26,945","22,283","17,140","12,291","7,843","4,770","3,851"
2025,PHL,Philippines,PH,REGION XII (SOCCSKSARGEN),PH120000000,South Cotabato,PH126300000,"863,059","887,750","1,750,809","82,522","83,847","82,743","77,371","73,463","71,369","71,973","63,169","51,756","46,738","40,885","35,579","28,363","21,526","14,390","9,186","8,179","87,290","88,639","87,270","81,352","77,862","74,144","72,162","65,434","54,399","49,186","42,305","36,072","27,384","19,858","12,429","6,819","5,145","169,812","172,486","170,013","158,723","151,325","145,513","144,135","128,603","106,155","95,924","83,190","71,651","55,747","41,384","26,819","16,005","13,324"
2025,PHL,Philippines,PH,REGION XII (SOCCSKSARGEN),PH120000000,Sultan Kudarat,PH126500000,"436,294","452,346","888,640","44,202","44,238","42,820","39,123","38,383","38,520","36,221","30,339","25,531","22,278","20,567","17,404","13,121","9,560","6,333","4,089","3,565","46,763","46,766","45,181","41,040","40,507","40,693","36,381","31,091","26,181","23,760","21,212","18,550","13,547","9,236","5,724","3,318","2,396","90,965","91,004","88,001","80,163","78,890","79,213","72,602","61,430","51,712","46,038","41,779","35,954","26,668","18,796","12,057","7,407","5,961"
2025,PHL,Philippines,PH,REGION XIII (Caraga),PH160000000,Agusan del Norte,PH160200000,"379,897","395,842","775,739","40,144","38,719","36,768","36,340","33,767","32,241","30,195","24,478","19,320","17,323","16,186","14,937","12,845","10,423","7,239","4,533","4,439","42,444","39,398","36,934","36,539","39,623","38,664","33,144","26,142","20,103","17,572","15,871","14,765","12,335","9,634","6,385","3,529","2,760","82,588","78,117","73,702","72,879","73,390","70,905","63,339","50,620","39,423","34,895","32,057","29,702","25,180","20,057","13,624","8,062","7,199"
2025,PHL,Philippines,PH,REGION XIII (Caraga),PH160000000,Agusan del Sur,PH160300000,"368,597","393,476","762,073","46,492","41,499","37,194","35,655","37,511","32,875","28,687","21,815","16,801","14,562","13,422","12,284","10,515","7,960","5,248","3,267","2,810","49,119","44,807","40,537","35,693","36,609","34,849","32,857","26,051","19,753","16,637","15,215","13,557","10,900","7,875","4,718","2,521","1,778","95,611","86,306","77,731","71,348","74,120","67,724","61,544","47,866","36,554","31,199","28,637","25,841","21,415","15,835","9,966","5,788","4,588"
2025,PHL,Philippines,PH,REGION XIII (Caraga),PH160000000,Surigao del Norte,PH166700000,"282,256","293,782","576,038","29,490","29,998","29,173","24,258","22,606","22,463","21,716","18,620","15,032","13,661","12,633","11,365","9,884","7,851","5,597","3,840","4,069","31,157","31,164","30,108","26,578","26,029","25,623","23,944","19,575","15,788","14,047","12,645","11,168","9,407","7,100","4,521","2,662","2,266","60,647","61,162","59,281","50,836","48,635","48,086","45,660","38,195","30,820","27,708","25,278","22,533","19,291","14,951","10,118","6,502","6,335"
2025,PHL,Philippines,PH,REGION XIII (Caraga),PH160000000,Surigao del Sur,PH166800000,"312,671","329,831","642,502","35,088","34,041","31,808","28,899","26,516","26,995","24,901","18,846","15,021","13,605","12,693","12,017","10,483","8,361","5,963","3,818","3,616","37,067","34,989","32,514","30,563","30,946","31,271","28,366","21,197","16,138","14,102","12,680","11,791","10,171","7,833","5,123","2,877","2,203","72,155","69,030","64,322","59,462","57,462","58,266","53,267","40,043","31,159","27,707","25,373","23,808","20,654","16,194","11,086","6,695","5,819"
