ADM2_PCODE,ADM_PCODE,RP10_female_pop_30cm,RP10_children_u5_30cm,RP10_female_u5_30cm,RP10_elderly_30cm,RP10_pop_u15_30cm,RP10_female_u15_30cm,RP10_education_30cm_pct,RP10_education_30cm_count,RP10_hospitals_30cm_pct,RP10_hospitals_30cm_count,RP10_primary_healthcare_30cm_pct,RP10_primary_healthcare_30cm_count,RP50_female_pop_30cm,RP50_children_u5_30cm,RP50_female_u5_30cm,RP50_elderly_30cm,RP50_pop_u15_30cm,RP50_female_u15_30cm,RP50_education_30cm_pct,RP50_education_30cm_count,RP50_hospitals_30cm_pct,RP50_hospitals_30cm_count,RP50_primary_healthcare_30cm_pct,RP50_primary_healthcare_30cm_count,RP100_female_pop_30cm,RP100_children_u5_30cm,RP100_female_u5_30cm,RP100_elderly_30cm,RP100_pop_u15_30cm,RP100_female_u15_30cm,RP100_education_30cm_pct,RP100_education_30cm_count,RP100_hospitals_30cm_pct,RP100_hospitals_30cm_count,RP100_primary_healthcare_30cm_pct,RP100_primary_healthcare_30cm_count,RP500_female_pop_30cm,RP500_children_u5_30cm,RP500_female_u5_30cm,RP500_elderly_30cm,RP500_pop_u15_30cm,RP500_female_u15_30cm,RP500_education_30cm_pct,RP500_education_30cm_count,RP500_hospitals_30cm_pct,RP500_hospitals_30cm_count,RP500_primary_healthcare_30cm_pct,RP500_primary_healthcare_30cm_count
PH01028,PH01028,38305,6544,3124,6295,19296,9371,8,41,0,0,4,1,57070,9775,4675,9411,28833,14009,14,65,0,0,7,2,65401,11210,5363,10785,33070,16070,15,72,0,0,11,3,84979,14544,6960,13974,42806,20802,20,98,13,3,22,6
PH01029,PH01029,41434,6578,3173,7083,20225,9780,8,45,0,0,7,1,55476,8891,4294,9468,27280,13208,9,55,4,1,7,1,60151,9658,4666,10255,29618,14343,11,65,4,1,14,2,72414,11706,5655,12291,35828,17352,14,81,26,6,14,2
PH01033,PH01033,19590,3899,1850,2833,11470,5531,3,13,0,0,0,0,30255,5995,2848,4344,17624,8499,5,24,0,0,0,0,33476,6614,3142,4816,19450,9378,6,26,0,0,3,1,38414,7549,3585,5530,22203,10706,7,31,0,0,3,1
PH01055,PH01055,367478,77155,37939,44800,225847,110978,12,193,14,9,12,14,519320,109126,53634,63181,319047,156752,20,309,29,18,26,30,559203,117546,57774,68052,343627,168834,21,335,33,21,31,36,623322,131062,64408,76032,383154,188224,24,379,36,23,37,43
PH02009,PH02009,0,0,0,0,0,0,0,0,0,0,0,0,0,0,0,0,0,0,0,0,0,0,0,0,0,0,0,0,0,0,0,0,0,0,0,0,0,0,0,0,0,0,0,0,0,0,0,0
PH02015,PH02015,174410,37807,17719,24754,109636,52830,26,237,37,11,28,10,227707,49250,23103,32149,143609,69217,38,349,47,14,33,12,243089,52592,24685,34114,153641,74058,40,367,47,14,33,12,271632,58663,27555,37763,171895,82870,44,407,50,15,36,13
PH02031,PH02031,28857,6351,3020,2832,19270,9317,1,7,0,0,0,0,42591,9342,4450,4196,28392,13734,2,21,0,0,0,0,52710,11594,5534,5178,35261,17071,3,35,0,0,0,0,73018,16088,7691,7202,48992,23733,5,55,8,3,0,0
PH02050,PH02050,15532,3181,1499,1830,9329,4502,0,1,0,0,0,0,17432,3559,1678,2056,10434,5036,1,3,10,1,0,0,18352,3744,1765,2167,10973,5296,1,4,10,1,0,0,20858,4248,2001,2471,12445,6006,1,4,10,1,0,0
PH02057,PH02057,4057,929,453,375,2739,1332,0,0,0,0,0,0,5127,1173,572,475,3460,1683,0,0,0,0,0,0,5771,1314,641,540,3887,1892,0,1,0,0,0,0,6294,1434,700,588,4240,2064,1,2,0,0,0,0
PH03008,PH03008,19399,3734,1800,2176,10822,5288,0,1,0,0,0,0,22000,4231,2040,2447,12254,5990,0,1,0,0,0,0,22857,4405,2125,2524,12733,6224,2,4,0,0,0,0,27650,5384,2596,3026,15553,7596,3,7,0,0,0,0
PH03014,PH03014,211053,42256,20666,23240,119351,58389,10,85,5,5,3,4,272151,54516,26665,29684,153493,75115,16,140,6,6,6,8,301951,60593,29640,32631,170143,83289,19,166,10,10,8,11,370701,74914,36651,39059,208959,102334,23,202,23,23,22,29
PH03049,PH03049,111794,22721,11078,12601,66880,32663,3,30,0,0,0,0,144606,29436,14352,16251,86481,42237,4,40,0,0,0,0,153011,31144,15187,17204,91496,44688,4,45,0,0,0,0,175085,35645,17380,19676,104666,51116,5,55,3,1,2,1
PH03054,PH03054,346894,72749,35642,38097,204822,100114,18,168,19,15,17,94,396103,83062,40684,43518,233814,114271,24,228,26,20,24,134,409389,85874,42061,44947,241695,118127,27,256,28,22,28,152,436600,91653,44887,47841,257833,126011,31,290,36,28,34,186
PH03069,PH03069,64063,12496,6045,8062,36397,17704,4,29,3,1,4,3,83355,16324,7894,10372,47476,23082,7,46,3,1,7,5,92639,18128,8764,11526,52739,25634,8,51,3,1,7,5,110545,21630,10447,13735,62948,30575,10,65,3,1,7,5
PH03071,PH03071,11539,2448,1200,1182,7026,3429,1,3,0,0,0,0,11938,2530,1241,1230,7263,3545,1,3,0,0,0,0,11992,2542,1247,1236,7296,3561,1,3,0,0,0,0,12536,2655,1302,1299,7622,3720,1,3,0,0,0,0
PH03077,PH03077,1255,326,156,109,935,452,0,0,0,0,0,0,1571,409,195,136,1171,565,0,0,0,0,0,0,2024,529,252,173,1509,729,0,0,0,0,0,0,2239,585,279,194,1672,807,0,1,0,0,0,0
PH04010,PH04010,16936,3731,1809,2061,10395,5072,0,5,0,0,0,0,20566,4516,2188,2525,12622,6158,0,6,0,0,0,0,22643,4969,2407,2785,13905,6784,1,9,0,0,0,0,25591,5603,2713,3136,15706,7661,1,12,0,0,0,0
PH04021,PH04021,180364,36408,17657,15689,97046,47510,6,47,9,8,5,10,277821,56104,27227,23896,149343,73145,10,80,12,11,9,18,303846,61446,29819,26036,163413,80037,11,93,12,11,10,19,345471,70064,34008,29371,186072,91146,12,106,13,12,12,22
PH04034,PH04034,5405,1123,542,496,3129,1523,0,1,0,0,0,0,5493,1132,546,513,3152,1535,0,1,0,0,0,0,8350,1725,830,795,4818,2339,0,1,0,0,0,0,16525,3414,1639,1575,9526,4619,0,2,0,0,1,1
PH04056,PH04056,19199,4490,2187,1957,12754,6212,1,7,0,0,0,0,21795,5088,2478,2237,14461,7041,1,12,0,0,0,0,23941,5581,2718,2464,15872,7725,1,13,0,0,0,0,30112,7007,3410,3114,19943,9699,2,20,0,0,0,0
PH04058,PH04058,61680,13343,6511,4031,35089,17165,2,10,0,0,5,5,72833,15731,7674,4776,41386,20244,2,12,0,0,6,6,79438,17152,8367,5202,45105,22066,3,15,0,0,6,6,97559,21027,10256,6399,55292,27054,4,25,0,0,7,7
PH05005,PH05005,2252,508,245,276,1493,721,0,2,0,0,0,0,2252,508,245,276,1493,721,0,2,0,0,0,0,2252,508,245,276,1493,721,0,2,0,0,0,0,2252,508,245,276,1493,721,0,2,0,0,0,0
PH05016,PH05016,36994,8972,4377,3796,25964,12659,6,18,0,0,22,2,48421,11692,5707,4986,33785,16484,9,30,0,0,22,2,50903,12263,5986,5255,35419,17288,11,36,0,0,22,2,59669,14338,7008,6189,41406,20228,13,44,0,0,22,2
PH05017,PH05017,170357,40575,19709,19623,117056,56852,10,124,7,2,3,1,202430,47966,23285,23244,138272,67131,12,150,14,4,6,2,212740,50309,24418,24401,145015,70401,13,159,14,4,9,3,235221,55386,26872,26911,159557,77445,14,171,21,6,24,8
PH05020,PH05020,0,0,0,0,0,0,0,0,0,0,0,0,0,0,0,0,0,0,0,0,0,0,0,0,0,0,0,0,0,0,0,0,0,0,0,0,0,0,0,0,0,0,0,0,0,0,0,0
PH05041,PH05041,0,0,0,0,0,0,0,0,0,0,0,0,0,0,0,0,0,0,0,0,0,0,0,0,0,0,0,0,0,0,0,0,0,0,0,0,0,0,0,0,0,0,0,0,0,0,0,0
PH05062,PH05062,1565,394,190,201,1136,550,0,0,0,0,0,0,1565,394,190,201,1136,550,0,0,0,0,0,0,1565,394,190,201,1136,550,0,0,0,0,0,0,1565,394,190,201,1136,550,0,0,0,0,0,0
PH06004,PH06004,17071,3152,1516,2611,9824,4806,1,6,7,1,0,0,19151,3530,1699,2929,11011,5390,2,7,7,1,0,0,20243,3734,1798,3101,11650,5703,2,7,7,1,0,0,24038,4420,2126,3689,13786,6750,3,11,7,1,0,0
PH06006,PH06006,3420,726,354,550,2186,1068,0,0,0,0,0,0,4088,860,419,666,2592,1264,0,1,0,0,0,0,4396,922,449,722,2780,1354,0,2,0,0,0,0,5487,1146,558,908,3459,1684,1,4,0,0,0,0
PH06019,PH06019,57780,11069,5508,7457,34682,17092,9,47,5,1,16,7,82387,15820,7881,10480,49348,24334,13,69,15,3,21,9,88902,17077,8510,11262,53194,26235,14,73,15,3,23,10,105013,20212,10075,13241,62846,31007,15,82,25,5,23,10
PH06030,PH06030,58958,10556,5159,8728,32233,15793,2,23,3,1,2,2,106837,18934,9236,15286,57357,28112,3,43,5,2,3,4,135059,23790,11594,19010,71813,35203,5,69,11,4,6,8,201970,35488,17284,28129,106875,52378,8,118,19,7,15,20
PH06045,PH06045,70000,14212,6928,8252,44615,21857,1,18,3,1,5,2,85721,17309,8433,10115,54360,26617,2,22,3,1,5,2,91749,18471,8999,10835,58031,28410,2,26,5,2,5,2,106374,21274,10367,12607,66930,32772,2,31,8,3,5,2
PH06079,PH06079,0,0,0,0,0,0,0,0,0,0,0,0,0,0,0,0,0,0,0,0,0,0,0,0,0,0,0,0,0,0,0,0,0,0,0,0,0,0,0,0,0,0,0,0,0,0,0,0
PH07012,PH07012,0,0,0,0,0,0,0,0,0,0,0,0,0,0,0,0,0,0,0,0,0,0,0,0,0,0,0,0,0,0,0,0,0,0,0,0,0,0,0,0,0,0,0,0,0,0,0,0
PH07022,PH07022,0,0,0,0,0,0,0,0,0,0,0,0,0,0,0,0,0,0,0,0,0,0,0,0,0,0,0,0,0,0,0,0,0,0,0,0,0,0,0,0,0,0,0,0,0,0,0,0
PH07046,PH07046,6202,1306,636,750,4007,1959,0,0,0,0,0,0,6202,1306,636,750,4007,1959,0,0,0,0,0,0,6202,1306,636,750,4007,1959,0,0,0,0,0,0,6202,1306,636,750,4007,1959,0,0,0,0,0,0
PH07061,PH07061,0,0,0,0,0,0,0,0,0,0,0,0,0,0,0,0,0,0,0,0,0,0,0,0,0,0,0,0,0,0,0,0,0,0,0,0,0,0,0,0,0,0,0,0,0,0,0,0
PH08026,PH08026,15617,3768,1815,2410,10911,5330,6,32,0,0,12,3,22210,5371,2585,3403,15542,7590,9,48,0,0,12,3,24281,5884,2833,3707,17018,8313,10,56,0,0,12,3,30548,7431,3579,4630,21484,10494,14,77,5,1,27,7
PH08037,PH08037,4692,1066,516,608,3196,1555,0,1,0,0,1,1,4692,1066,516,608,3196,1555,0,1,0,0,1,1,4692,1066,516,608,3196,1555,0,1,0,0,1,1,4692,1066,516,608,3196,1555,0,1,0,0,1,1
PH08048,PH08048,43086,12391,6049,4673,32956,16118,7,40,10,1,20,5,57043,16386,7998,6151,43542,21295,10,59,20,2,40,10,61231,17602,8592,6598,46766,22880,12,71,20,2,52,13,73867,21286,10393,7889,56488,27634,16,94,20,2,52,13
PH08060,PH08060,21481,5828,2839,2501,15733,7686,4,43,0,0,10,2,35790,9639,4704,4148,25880,12658,6,58,12,2,25,5,39554,10635,5190,4591,28534,13957,7,63,12,2,25,5,45349,12182,5944,5274,32701,15994,8,80,25,4,30,6
PH08064,PH08064,406,76,37,71,241,117,0,0,0,0,0,0,406,76,37,71,241,117,0,0,0,0,0,0,406,76,37,71,241,117,0,0,0,0,0,0,406,76,37,71,241,117,0,0,0,0,0,0
PH08078,PH08078,29,7,4,4,22,11,0,0,0,0,0,0,29,7,4,4,22,11,0,0,0,0,0,0,29,7,4,4,22,11,0,0,0,0,0,0,29,7,4,4,22,11,0,0,0,0,0,0
PH09072,PH09072,21741,5126,2486,2062,15132,7394,1,10,8,1,0,0,25671,6077,2947,2415,17942,8768,2,15,8,1,0,0,27116,6428,3118,2539,18991,9283,2,16,8,1,0,0,29960,7117,3455,2798,21044,10289,2,18,17,2,0,0
PH09073,PH09073,25469,5663,2767,2090,16598,8181,0,3,0,0,3,1,30894,6887,3370,2567,20179,9958,0,2,0,0,3,1,33084,7378,3611,2749,21604,10666,0,3,0,0,3,1,35454,7912,3873,2946,23151,11435,0,5,0,0,3,1
PH09083,PH09083,23102,5323,2584,1943,16662,8232,2,10,0,0,22,2,25819,5986,2910,2182,18688,9233,2,12,0,0,22,2,26735,6206,3018,2258,19361,9565,3,13,0,0,22,2,29818,6953,3383,2516,21634,10683,3,15,0,0,22,2
PH09097,PH09097,0,0,0,0,0,0,0,0,0,0,0,0,0,0,0,0,0,0,0,0,0,0,0,0,0,0,0,0,0,0,0,0,0,0,0,0,0,0,0,0,0,0,0,0,0,0,0,0
PH10013,PH10013,27974,6870,3350,2094,20660,10120,1,7,0,0,0,0,33873,8301,4044,2530,24971,12233,1,9,0,0,0,0,35269,8637,4208,2633,25986,12732,1,10,0,0,0,0,36995,9053,4409,2760,27243,13348,1,11,0,0,0,0
PH10018,PH10018,0,0,0,0,0,0,0,0,0,0,0,0,0,0,0,0,0,0,0,0,0,0,0,0,0,0,0,0,0,0,0,0,0,0,0,0,0,0,0,0,0,0,0,0,0,0,0,0
PH10035,PH10035,50084,11076,5479,3585,32602,16150,6,29,21,4,3,1,70424,15437,7625,5211,45698,22597,10,46,26,5,10,4,74799,16378,8088,5554,48515,23985,10,48,32,6,10,4,90045,19636,9693,6734,58221,28768,12,56,42,8,16,6
PH10042,PH10042,5086,1014,497,611,3054,1496,1,5,0,0,0,0,6561,1308,640,793,3939,1929,2,8,0,0,0,0,7487,1515,742,896,4542,2226,2,10,0,0,0,0,8525,1739,852,1013,5205,2552,2,11,0,0,0,0
PH10043,PH10043,157946,33022,16099,13380,96630,47259,6,39,8,2,10,5,228553,47642,23233,19359,139302,68150,9,63,28,7,22,11,248264,51763,25245,21088,151325,74039,11,76,28,7,26,13,287541,60102,29318,24595,175599,85919,14,96,40,10,35,17
PH11023,PH11023,46485,10001,4885,4003,30657,15020,6,28,0,0,0,0,67302,14466,7063,5837,44408,21756,8,35,3,1,0,0,74181,15897,7759,6403,48745,23882,9,38,3,1,0,0,90029,19150,9346,7753,58705,28770,11,47,7,2,3,1
PH11024,PH11024,49647,10142,4977,4430,29292,14388,2,15,0,0,2,5,78179,15986,7846,6925,46057,22628,3,24,3,2,6,13,90010,18414,9038,7937,52990,26037,3,26,3,2,6,14,120707,24717,12133,10563,70985,34884,5,43,5,3,12,25
PH11025,PH11025,7938,1876,947,771,5609,2769,1,3,0,0,0,0,8290,1963,990,804,5861,2893,1,3,0,0,0,0,8926,2117,1069,862,6317,3119,1,3,0,0,0,0,10286,2448,1238,987,7292,3602,1,3,0,0,0,0
PH11082,PH11082,23289,5276,2614,2026,15886,7827,2,9,0,0,7,1,27443,6211,3079,2409,18722,9225,3,14,0,0,7,1,29112,6568,3257,2575,19819,9769,4,16,0,0,7,1,31046,6990,3468,2762,21114,10409,5,20,0,0,7,1
PH11086,PH11086,0,0,0,0,0,0,0,0,0,0,0,0,0,0,0,0,0,0,0,0,0,0,0,0,0,0,0,0,0,0,0,0,0,0,0,0,0,0,0,0,0,0,0,0,0,0,0,0
PH12047,PH12047,16387,3730,1859,1241,11254,5578,2,16,0,0,0,0,19643,4482,2235,1502,13488,6686,3,23,0,0,0,0,20278,4628,2308,1557,13924,6901,3,25,0,0,0,0,21794,4974,2480,1687,14954,7410,4,28,0,0,0,0
PH12063,PH12063,10178,2296,1134,733,6654,3283,0,0,0,0,0,0,11167,2511,1240,808,7279,3591,0,0,0,0,0,0,11344,2552,1260,819,7393,3647,0,0,0,0,0,0,12231,2753,1359,876,7959,3927,0,0,0,0,0,0
PH12065,PH12065,20201,4599,2268,1769,14115,6915,1,3,0,0,0,0,28705,6509,3212,2520,19985,9791,1,5,0,0,0,0,31507,7139,3521,2769,21916,10735,1,6,0,0,0,0,39570,8882,4377,3503,27355,13389,1,6,0,0,0,0
PH12080,PH12080,4613,1169,585,312,3432,1709,0,0,0,0,0,0,5056,1284,642,343,3764,1875,0,0,0,0,0,0,5147,1306,653,349,3831,1908,0,0,0,0,0,0,6393,1633,814,438,4763,2368,0,1,0,0,0,0
PH13039,PH13039,438446,81053,39663,40108,210535,103336,39,86,19,8,25,29,597948,110960,54241,54656,288367,141466,60,131,40,17,49,56,629382,117102,57231,57448,304296,149257,64,140,48,20,54,62,669168,124726,60949,61026,324047,158931,67,147,52,22,58,67
PH13074,PH13074,366524,73192,35764,26568,187621,92124,9,66,5,5,9,32,420392,83748,40934,30617,214677,105416,11,79,10,10,13,46,433726,86399,42231,31585,221476,108755,12,86,11,11,13,48,458137,91252,44602,33387,233947,114880,13,95,12,12,14,52
PH13075,PH13075,113956,24805,12110,8263,64694,31682,5,18,2,1,3,4,333901,72509,35480,24479,188243,92284,19,68,12,5,16,20,368941,80128,39206,27048,207956,101942,23,84,14,6,20,25,400804,86993,42568,29419,225718,110648,27,97,24,10,24,29
PH13076,PH13076,173657,34917,16910,12675,89165,43591,7,40,13,9,7,20,309084,61822,29933,22676,157678,77077,15,85,17,12,13,39,348970,69883,33834,25528,178168,87091,17,95,24,17,15,45,413777,82950,40159,30168,211462,103362,21,118,26,18,18,54
PH14001,PH14001,2892,541,264,479,1649,801,0,0,0,0,0,0,3197,598,291,534,1825,886,0,0,0,0,0,0,3515,658,320,591,2010,974,0,0,0,0,0,0,3716,696,339,626,2126,1030,1,2,0,0,0,0
PH14011,PH14011,3568,726,349,389,2371,1149,1,4,0,0,0,0,3568,726,349,389,2371,1149,1,4,0,0,0,0,3568,726,349,389,2371,1149,1,4,0,0,0,0,3568,726,349,389,2371,1149,1,4,0,0,0,0
PH14027,PH14027,626,139,68,70,418,204,1,2,0,0,0,0,690,153,74,78,461,225,1,2,0,0,0,0,715,159,77,81,476,232,1,2,0,0,0,0,715,159,77,81,476,232,1,2,0,0,0,0
PH14032,PH14032,6865,1657,805,644,4843,2356,2,6,0,0,0,0,8685,2098,1019,815,6131,2982,3,10,0,0,0,0,9233,2230,1083,865,6518,3170,3,10,0,0,0,0,10727,2588,1256,1011,7566,3679,3,10,0,0,0,0
PH14044,PH14044,774,190,89,83,553,267,0,0,0,0,0,0,774,190,89,83,553,267,0,0,0,0,0,0,774,190,89,83,553,267,0,0,0,0,0,0,774,190,89,83,553,267,0,0,0,0,0,0
PH14081,PH14081,2079,463,227,215,1343,654,6,11,0,0,0,0,3833,866,422,407,2474,1197,8,17,33,2,50,1,4913,1112,542,524,3168,1532,10,19,33,2,50,1,9641,2201,1068,1037,6226,2999,15,29,67,4,50,1
PH16002,PH16002,129244,30034,14373,12713,88126,42823,27,102,44,7,48,10,145050,33626,16101,14426,98794,48002,35,135,88,14,57,12,151608,35135,16825,15110,103261,50171,38,147,88,14,57,12,164277,37959,18178,16509,111697,54252,41,159,88,14,71,15
PH16003,PH16003,29676,7818,3832,2119,23460,11478,9,49,7,1,20,3,40528,10632,5210,2914,31966,15632,12,69,14,2,27,4,44288,11571,5665,3191,34847,17032,14,79,14,2,27,4,49367,12934,6330,3558,38878,19001,15,87,21,3,27,4
PH16067,PH16067,1098,240,115,130,709,347,0,0,0,0,0,0,1098,240,115,130,709,347,0,0,0,0,0,0,1098,240,115,130,709,347,0,0,0,0,0,0,2189,463,220,285,1418,689,0,0,0,0,0,0
PH16068,PH16068,13816,3173,1522,1539,9525,4656,4,22,0,0,12,3,21380,4864,2331,2364,14589,7141,6,32,0,0,19,5,25528,5769,2767,2832,17314,8484,7,41,0,0,50,13,29440,6674,3202,3249,20026,9812,8,47,0,0,54,14
PH16085,PH16085,0,0,0,0,0,0,0,0,0,0,0,0,0,0,0,0,0,0,0,0,0,0,0,0,0,0,0,0,0,0,0,0,0,0,0,0,0,0,0,0,0,0,0,0,0,0,0,0
PH17040,PH17040,0,0,0,0,0,0,0,0,0,0,0,0,0,0,0,0,0,0,0,0,0,0,0,0,0,0,0,0,0,0,0,0,0,0,0,0,0,0,0,0,0,0,0,0,0,0,0,0
PH17051,PH17051,4168,1079,525,336,3069,1490,1,3,0,0,0,0,4791,1241,604,385,3539,1718,1,3,0,0,0,0,5451,1405,684,438,4005,1945,1,3,0,0,0,0,6846,1768,861,547,5059,2456,1,4,0,0,0,0
PH17052,PH17052,9880,2288,1115,992,6743,3269,2,11,0,0,0,0,12311,2838,1383,1232,8359,4052,2,11,0,0,0,0,14097,3230,1575,1408,9522,4614,3,16,0,0,0,0,16922,3883,1893,1690,11438,5542,3,18,0,0,0,0
PH17053,PH17053,1278,344,169,92,940,466,0,0,0,0,0,0,1278,344,169,92,940,466,0,0,0,0,0,0,1278,344,169,92,940,466,0,0,0,0,0,0,1278,344,169,92,940,466,0,0,0,0,0,0
PH17059,PH17059,0,0,0,0,0,0,0,0,0,0,0,0,0,0,0,0,0,0,0,0,0,0,0,0,0,0,0,0,0,0,0,0,0,0,0,0,0,0,0,0,0,0,0,0,0,0,0,0
PH19007,PH19007,0,0,0,0,0,0,0,0,0,0,0,0,0,0,0,0,0,0,0,0,0,0,0,0,0,0,0,0,0,0,0,0,0,0,0,0,0,0,0,0,0,0,0,0,0,0,0,0
PH19036,PH19036,6722,1661,858,304,4857,2454,1,2,0,0,0,0,7272,1796,928,328,5271,2665,1,2,0,0,0,0,7466,1844,952,338,5413,2737,2,3,0,0,0,0,7749,1913,988,351,5624,2844,2,3,0,0,0,0
PH19066,PH19066,0,0,0,0,0,0,0,0,0,0,0,0,0,0,0,0,0,0,0,0,0,0,0,0,0,0,0,0,0,0,0,0,0,0,0,0,0,0,0,0,0,0,0,0,0,0,0,0
PH19070,PH19070,0,0,0,0,0,0,0,0,0,0,0,0,0,0,0,0,0,0,0,0,0,0,0,0,0,0,0,0,0,0,0,0,0,0,0,0,0,0,0,0,0,0,0,0,0,0,0,0
PH19087,PH19087,103088,21077,10713,6486,60978,30625,25,39,0,0,10,1,139420,28463,14470,8782,82297,41336,35,55,27,3,40,4,145155,29638,15067,9142,85695,43043,36,57,36,4,50,5,149291,30521,15514,9395,88281,44339,38,60,36,4,50,5
PH19088,PH19088,41579,8765,4554,1910,29768,14845,13,15,0,0,0,0,50672,10726,5567,2447,36150,18032,18,22,0,0,0,0,51461,10875,5647,2479,36683,18301,20,24,0,0,0,0,57029,11950,6214,2731,40423,20180,23,27,20,1,0,0
PH19099,PH19099,18324,4295,2170,1488,12863,6395,30,27,0,0,0,0,24956,5865,2965,2039,17527,8715,41,37,0,0,0,0,26165,6156,3113,2136,18389,9144,43,39,0,0,0,0,26985,6347,3210,2201,18964,9430,50,45,0,0,0,0
